"date","symbol","reportedCurrency","cik","filingDate","acceptedDate","fiscalYear","period","cashAndCashEquivalents","shortTermInvestments","cashAndShortTermInvestments","netReceivables","accountsReceivables","otherReceivables","inventory","prepaids","otherCurrentAssets","totalCurrentAssets","propertyPlantEquipmentNet","goodwill","intangibleAssets","goodwillAndIntangibleAssets","longTermInvestments","taxAssets","otherNonCurrentAssets","totalNonCurrentAssets","otherAssets","totalAssets","totalPayables","accountPayables","otherPayables","accruedExpenses","shortTermDebt","capitalLeaseObligationsCurrent","taxPayables","deferredRevenue","otherCurrentLiabilities","totalCurrentLiabilities","longTermDebt","capitalLeaseObligationsNonCurrent","deferredRevenueNonCurrent","deferredTaxLiabilitiesNonCurrent","otherNonCurrentLiabilities","totalNonCurrentLiabilities","otherLiabilities","capitalLeaseObligations","totalLiabilities","treasuryStock","preferredStock","commonStock","retainedEarnings","additionalPaidInCapital","accumulatedOtherComprehensiveIncomeLoss","otherTotalStockholdersEquity","totalStockholdersEquity","totalEquity","minorityInterest","totalLiabilitiesAndTotalEquity","totalInvestments","totalDebt","netDebt"
"2025-10-31","0A1O.L","USD","0001585521","2025-11-25","2025-11-25 16:02:47","2026","Q3",1215877000,6727428000,7943305000,417693000,417693000,0,0,0,353969000,8714967000,325721000,307295000,0,307295000,1052604000,746400000,243824000,2675844000,0,11390811000,12843000,12843000,0,514778000,0,0,0,1431802000,0,1959423000,0,28072000,12682000,0,103794000,144548000,0,28072000,2103971000,0,0,296000,5025586000,4250595000,10363000,0,9286840000,9286840000,0,11390811000,7780032000,28072000,-1187805000
"2025-10-31","0A23.L","USD","0001412408","2025-11-12","2025-11-12 17:18:52","2026","Q3",106371000,0,106371000,88257000,0,0,0,0,46278000,240906000,22677000,75845000,25532000,101377000,0,1640000,56872000,182566000,0,423472000,0,6218000,0,0,0,0,0,29712000,69071000,98783000,3485000,0,0,683000,192000,4360000,0,0,103143000,0,0,616000,-800485000,0,-360000,1120558000,320329000,320329000,0,423472000,0,3485000,-102886000
"2025-10-31","0HJF.L","USD","0000769397","2025-11-26","2025-11-26 16:03:09","2026","Q3",1989000000,300000000,2289000000,806000000,806000000,0,0,0,800000000,3895000000,152000000,4278000000,493000000,4771000000,302000000,936000000,1142000000,7303000000,0,11198000000,482000000,384000000,98000000,177000000,0,57000000,98000000,3577000000,442000000,4735000000,2482000000,195000000,269000000,27000000,597000000,3570000000,0,252000000,8305000000,0,0,4588000000,-1432000000,0,-263000000,0,2893000000,2893000000,0,11198000000,602000000,2734000000,745000000
"2025-10-31","0HP1.L","USD","0001372612","2025-10-31","2025-10-30 20:00:00","2026","Q3",634818000,96482000,731300000,204928000,204928000,0,0,0,87643000,1023871000,90963000,81297000,91616000,172913000,0,229822000,91681000,585379000,0,1609250000,79383000,79383000,0,34899000,204762000,0,0,533927000,0,852971000,450415000,72416000,0,0,24284000,547115000,0,72416000,1400086000,0,495813000,14000,-928439000,642241000,-465000,0,209164000,209164000,0,1609250000,96482000,727593000,92775000
"2025-11-30","0HTQ.L","USD","0001170010","2025-12-23","2025-12-23 10:02:45","2026","Q3",204938000,0,204938000,151102000,151102000,0,3127948000,0,714217000,4198205000,4498543000,141258000,0,141258000,16151162000,73451000,499736000,21364150000,0,25562355000,891575000,887496000,4078999,0,796645000,0,4079000,0,418021000,2106241000,15879397000,0,0,0,1512183000,17391580000,0,0,19497821000,0,0,71531000,4196141000,1824142000,-27280000,0,6064534000,6064534000,0,25562355000,16151162000,16676042000,16471104000
"2025-10-31","0KB7.L","USD","0001660134","2025-12-03","2025-12-02 18:08:06","2026","Q3",645000000,1818000000,2463000000,463000000,463000000,0,0,0,120000000,3046000000,104000000,5487000000,106000000,5593000000,0,0,486000000,6183000000,0,9229000000,13000000,13000000,0,173000000,350000000,0,0,1557000000,91000000,2184000000,0,73000000,29000000,0,50000000,152000000,0,73000000,2336000000,0,0,0,-2630000000,9519000000,4000000,0,6893000000,6893000000,0,9229000000,1818000000,423000000,-222000000
"2025-10-31","0KKZ.L","USD","0001441816","2025-12-02","2025-12-02 16:19:32","2026","Q3",834092000,1471669000,2305761000,416494000,416494000,0,0,0,210059000,2932314000,71618000,189641000,38308000,227949000,0,23012000,311756000,634335000,0,3566649000,14811000,14811000,0,131759999,9145000,0,0,300873000,101444000,558033000,0,25480000,66173000,560000,27964000,120177000,0,25480000,678210000,-346654000,0,81000,-1927385000,5152122000,10275000,0,2888439000,2888439000,0,3566649000,1471669000,34625000,-799467000
"2025-11-02","0KSA.L","USD","0001474432","2025-12-10","2025-12-10 16:43:56","2026","Q3",852838000,678775000,1531613000,620959000,620959000,0,82421000,0,307891000,2542884000,760745000,364742000,9406999,374149000,19151000,0,521482000,1675527000,0,4218411000,128021999,128021999,0,244939000,43599000,0,0,1028636000,159827000,1605023000,0,181948000,931768000,0,96783000,1210499000,0,181948000,2815522000,0,0,2681966000,-1281083000,0,2005999,0,1402889000,1402889000,0,4218411000,697926000,225547000,-627291000
"2025-11-01","0LCE.L","USD","0000109198","2025-12-02","2025-12-02 11:19:44","2026","Q3",4640000000,0,4640000000,705000000,600000000,105000000,9353000000,0,616000000,15314000000,17965000000,95000000,0,95000000,0,0,1814000000,19874000000,0,35188000000,5937000000,5357000000,580000000,4776000000,2708000000,0,165000000,0,580000000,14001000000,1870000000,8616000000,0,239000000,1103000000,11828000000,0,8616000000,25829000000,0,0,1110000000,8720000000,0,-471000000,0,9359000000,9359000000,0,35188000000,0,13194000000,8554000000
"2025-10-31","0LO3.L","USD","0001393052","2025-11-21","2025-11-21 16:07:12","2026","Q3",1660137000,4977164000,6637301000,371776000,371776000,0,0,0,102777000,7111854000,139956000,439877000,32650000,472527000,0,286966000,85848000,985297000,0,8097151000,38691000,32671000,6020000,41485000,10529000,0,6020000,822466000,31707000,944878000,0,79267000,0,367000,32007999,111641999,0,79267000,1056520000,0,0,2000,4119297000,2911418000,9914000,0,7040631000,7040631000,0,8097151000,4977164000,89796000,-1570341000
"2025-10-31","0M18.L","USD","0001327811","2025-11-26","2025-11-26 16:03:42","2026","Q3",2609000000,4234000000,6843000000,1750000000,1750000000,0,0,0,582000000,9175000000,1853000000,4263000000,549000000,4812000000,305000000,905000000,701000000,8576000000,0,17751000000,103000000,103000000,0,0,117000000,0,0,3871000000,926000000,5017000000,2986000000,690000000,70000000,0,109000000,3855000000,0,690000000,8872000000,-2706000000,0,0,-657000000,12311000000,-69000000,0,8879000000,8879000000,0,17751000000,4539000000,3793000000,1184000000
"2025-10-31","0M2Q.L","USD","0001614178","2025-12-08","2025-12-08 16:11:40","2026","Q3",139916000,0,139916000,62857000,0,0,0,0,40072000,242845000,88900000,110726000,89172000,199898000,0,0,24130000,312928000,0,555773000,0,0,0,0,18147000,0,0,154631000,49185000,221963000,65140000,65140000,400000,3600000,15331000,178638000,0,65140000,400601000,-190357000,0,158000,-673463000,1021190000,-2356000,0,155172000,155172000,0,555773000,0,83287000,-56629000
"2025-11-30","0R0P.L","USD","0001070235","2025-12-19","2025-12-19 16:20:39","2026","Q3",284300000,33900000,318200000,199947197,149013489,50933707,0,0,-1747197,516400000,29400000,478100000,40700000,518800000,59300000,0,0,607500000,0,1123900000,25815714,13400000,12459321,0,21200000,0,12500000,121300000,84159984,252475698,195561516,21131009,4784379,0,1794142,223271047,0,21131009,475746746,0,0,2944187596,-2192441951,0,-13100000,0,738688275,738688275,0,1214435021,93200000,21200000,-263100000
"2025-11-01","0R18.L","USD","0000764478","2025-12-05","2025-12-05 16:57:48","2026","Q3",1194000000,162000000,1356000000,1017000000,1017000000,0,7993000000,0,207000000,10573000000,4875000000,790000000,7000000,797000000,41000000,0,500000000,6213000000,0,16786000000,7319000000,7319000000,0,392000000,629000000,0,0,1084000000,689000000,10113000000,1155000000,2309000000,0,0,556000000,4020000000,0,2309000000,14133000000,0,0,22000000,2306000000,16000000,309000000,0,2653000000,2653000000,0,16786000000,203000000,4093000000,2899000000
"2025-10-31","0V9N.L","USD","0001571123","2025-10-31","2025-10-30 20:00:00","2026","Q3",48000000,0,48000000,1045000000,1045000000,0,0,145000000,19000000,1257000000,270000000,2960000000,779000000,3739000000,76000000,0,81000000,4166000000,0,5423000000,627000000,627000000,0,308000000,12000000,0,0,24000000,79000000,1050000000,2475000000,159000000,1000000,124000000,102000000,2861000000,0,159000000,3911000000,0,0,0,1504000000,0,8000000,0,1512000000,1512000000,0,5423000000,76000000,2646000000,2598000000
"2025-10-31","0XNH.L","USD","0001261333","2025-12-05","2025-12-05 16:57:27","2026","Q3",600291000,256579999,856871000,363956000,363956000,0,0,0,86328000,1307155000,476819000,457247000,60816000,518063000,208529000,838694000,632779000,2674884000,0,3982039000,22482000,22482000,0,180982000,15840000,0,0,1444599000,119841000,1783744000,0,134533000,28027000,18497000,35717000,216774000,0,134533000,2000518000,-3387000,0,20000,-1668720000,3665653000,-12045000,0,1981521000,1981521000,0,3982039000,465109000,150373000,-449918000
"2025-10-31","0YU1.L","USD","0001280263","2025-12-04","2025-12-04 14:30:54","2026","Q3",174057000,121241000,295298000,42227000,42227000,0,39159000,0,6983000,383667000,23490000,303625000,37954000,341579000,0,0,3154000,368223000,0,751890000,36813000,34923000,1890000,0,1733000,0,1890000,17509000,88398000,144453000,11913000,11913000,0,0,0,17324000,0,11913000,161777000,0,0,19000,-311487000,901047000,534000,0,590113000,590113000,0,751890000,121241000,13646000,-160411000
"2025-10-31","12DA.DE","USD","0001571996","2025-11-25","2025-11-25 16:10:47","2026","Q3",9569000000,0,9569000000,11721000000,0,0,6949000000,0,14863000000,43102000000,6538000000,19358000000,4628000000,23986000000,1760000000,0,12093000000,44377000000,0,87479000000,0,23794000000,0,0,7394000000,0,0,12649000000,30473000000,50516000000,23849000000,0,0,0,15734000000,39583000000,0,0,90099000000,0,0,0,1420000000,0,-654000000,0,-2620000000,-2620000000,0,87479000000,0,31243000000,21674000000
"2025-11-30","2354.T","JPY","0000000000","2025-11-30","2025-11-29 19:00:00","2026","Q3",3642899000,0,3642899000,5526980000,5526980000,0,539774000,0,789003000,10498656000,982352000,0,520748000,520748000,0,990322000,1082544999,3575966999,0,14074623000,1671311000,1558746000,112565000,36200000,0,0,0,468371000,2467530000,4643412000,0,0,0,0,1857697000,1857697000,0,0,6501109000,-313352000,0,750608000,6237046000,404608000,481150000,999.9999999403954,7560061000,7573513000,13452000,14074622000,0,0,-3642899000
"2025-10-31","4592.T","JPY","0000000000","2025-10-31","2025-10-30 20:00:00","2026","Q3",1905912000,0,1905912000,0,0,0,0,265841000,129791000,2301544000,39636000,0,43891000,43891000,0,0,21132000,104659000,0,2406203000,907000,0,907000,87698000,196000000,0,0,0,151193000,435798000,1101600000,0,0,376618000,0,1478218000,0,0,1914016000,-1161000,0,1236068000,132822000,4947511000,-5823054000,1000,492187000,492187000,0,2406203000,0,1297600000,-608312000
"2025-10-31","5ZM.F","USD","0001585521","2025-11-25","2025-11-25 16:02:47","2026","Q3",1215877000,6727428000,7943305000,417693000,417693000,0,0,0,353969000,8714967000,325721000,307295000,0,307295000,1052604000,746400000,243824000,2675844000,0,11390811000,12843000,12843000,0,514778000,0,0,0,1431802000,0,1959423000,0,28072000,12682000,0,103794000,144548000,0,28072000,2103971000,0,0,296000,5025586000,4250595000,10363000,0,9286840000,9286840000,0,11390811000,7780032000,28072000,-1187805000
"2025-11-30","8227.T","JPY","0000000000","2025-11-30","2025-11-29 19:00:00","2026","Q3",138992000000,142089000000,281081000000,28869000000,28869000000,0,78669000000,0,3459000000,392078000000,153328000000,0,1614000000,1614000000,0,0,69882000000,224824000000,0,616902000000,57013000000,50952000000,6061000000,135000000,0,0,0,0,26433000000,83581000000,0,0,0,0,10952000000,10952000000,0,0,94533000000,-1411000000,0,17086000000,481741000000,18692000000,6257000000,1000000,522366000000,522366000000,0,616899000000,142089000000,0,-138992000000
"2025-10-31","AAB.TO","CAD","0000000000","2025-10-31","2025-10-30 20:00:00","2026","Q3",132452,2095786,2228238,552670,0,552670,0,0,-2780908,0,0,0,0,0,0,0,0,0,3495161,3495161,0,0,0,0,43787,0,0,0,2370085,2413872,0,0,0,0,0,0,0,0,2413872,0,0,49521078,-57102221,0,8662432,0,1081289,1081289,0,3495161,2095786,43787,-88665
"2025-10-31","AABVF","USD","0000000000","2025-10-31","2025-10-30 20:00:00","2026","Q3",94491,1495133,1589624,394274,0,394274,0,0,-1983898,0,0,0,0,0,0,0,0,0,2493447,2493447,0,0,0,0,31237,0,0,0,1690819,1722056,0,0,0,0,0,0,0,0,1722056,0,0,35328337,-40736724,0,6179778,0,771391,771391,0,2493447,1495133,31237,-63253
"2025-10-31","ADSK","USD","0000769397","2025-11-26","2025-11-26 16:03:09","2026","Q3",1989000000,300000000,2289000000,806000000,806000000,0,0,0,800000000,3895000000,152000000,4278000000,493000000,4771000000,302000000,936000000,1142000000,7303000000,0,11198000000,482000000,384000000,98000000,177000000,0,57000000,98000000,3577000000,442000000,4735000000,2482000000,195000000,269000000,27000000,597000000,3570000000,0,252000000,8305000000,0,0,4588000000,-1432000000,0,-263000000,0,2893000000,2893000000,0,11198000000,602000000,2734000000,745000000
"2025-10-31","AGX","USD","0000100591","2025-12-04","2025-12-04 16:21:40","2026","Q3",306294000,420527000,726821000,213391000,208783000,4608000,6759000,6311000,43889000,997171000,21633000,28033000,1532000,29565000,2500000,0,0,53697999,0,1050869000,100798000,100798000,0,28045000,2626000,0,0,451918000,36473000,619860000,0,0,0,6116000,5182999,11298999,0,0,631159000,-113590000,0,2374000,363960000,167075000,-109000,0,419710000,419710000,0,1050869000,423027000,2626000,-303668000
"2025-10-31","AIR.V","CAD","0000000000","2025-10-31","2025-10-30 20:00:00","2026","Q3",1643422,0,1643422,160950,0,160950,0,20884,0,1825256,4255,0,0,0,0,0,34773042,34777297,0,36602553,0,0,0,0,3500000,0,0,0,71710,3571710,0,0,0,0,0,0,0,0,3571710,0,0,109739669,-91104425,0,14395599,0,33030842,33030842,0,36602553,0,3500000,1856578
"2025-10-31","ALOT","USD","0000008146","2025-11-06","2025-11-06 16:48:09","2026","Q3",3606000,0,3606000,20396000,0,0,45124000,0,5022000,74148000,17282000,17121000,22070000,39191000,0,8565000,1647000,66685000,0,140833000,7402000,7402000,0,0,21298000,0,684000,846000,11085000,40631000,2107000,2107000,1061000,0,21215000,23322000,0,2107000,63953000,-35226000,0,553000,48139000,65681000,-2267000,0,76880000,76880000,0,140833000,0,23405000,19799000
"2025-10-31","AMBA","USD","0001280263","2025-12-04","2025-12-04 14:30:54","2026","Q3",174057000,121241000,295298000,42227000,42227000,0,39159000,0,6983000,383667000,23490000,303625000,37954000,341579000,0,0,3154000,368223000,0,751890000,36813000,34923000,1890000,0,1733000,0,1890000,17509000,88398000,144453000,11913000,11913000,0,0,0,17324000,0,11913000,161777000,0,0,19000,-311487000,901047000,534000,0,590113000,590113000,0,751890000,121241000,13646000,-160411000
"2025-11-29","APOG","USD","0000006845","2026-01-07","2026-01-07 13:08:15","2026","Q3",41315000,0,41315000,176588000,0,0,102495000,0,115599000,435997000,303995000,236386000,113673000,350059000,0,0,25977000,680031000,0,1116028000,0,92844000,0,0,14504000,0,0,0,215241000,229745000,296981000,0,0,0,77011000,373992000,0,0,603737000,0,0,7164000,377306000,0,-33210000,161031000,512291000,512291000,0,1116028000,0,311485000,270170000
"2025-10-31","ARXRF","USD","0000000000","2025-10-31","2025-10-30 20:00:00","2026","Q3",691964,0,691964,33836,0,33836,0,0,11142,736942,0,0,0,0,0,0,13652589,13652589,0,14389532,0,0,0,0,0,0,0,0,166995,166995,0,0,0,0,0,0,0,0,166995,0,0,28539033,-17708900,0,3392404,0,14222537,14222537,0,14389532,0,0,-691964
"2025-10-31","ASAN","USD","0001477720","2025-12-02","2025-12-02 16:24:14","2026","Q3",183878000,280146000,464024000,72296000,72296000,0,0,0,51504000,587416000,225222000,0,0,0,0,0,27792000,253014000,0,840430000,13158000,13158000,0,16155000,29965000,0,0,304596000,57073000,420947000,35576000,189686000,534000,0,5324999,231121000,0,189686000,652068000,0,0,2000,-2059469999,2246005000,1825000,0,188362000,188362000,0,840430000,280146000,255227000,71349000
"2025-10-31","AUD.DE","USD","0000769397","2025-11-26","2025-11-26 16:03:09","2026","Q3",1989000000,300000000,2289000000,806000000,806000000,0,0,0,800000000,3895000000,152000000,4278000000,493000000,4771000000,302000000,936000000,1142000000,7303000000,0,11198000000,482000000,384000000,98000000,0,57000000,0,98000000,3577000000,619000000,4735000000,2677000000,195000000,269000000,27000000,597000000,3570000000,0,195000000,8305000000,0,0,4588000000,-1432000000,0,-263000000,0,2893000000,2893000000,0,11198000000,602000000,2734000000,745000000
"2025-11-30","BB","USD","0001070235","2025-12-19","2025-12-19 16:20:39","2026","Q3",284300000,33900000,318200000,199947197,149013489,50933707,0,0,-1747197,516400000,29400000,478100000,40700000,518800000,59300000,0,0,607500000,0,1123900000,25815714,13400000,12459321,0,21200000,0,12500000,121300000,84159984,252475698,195561516,21131009,4784379,0,1794142,223271047,0,21131009,475746746,0,0,2944187596,-2192441951,0,-13100000,0,738688275,738688275,0,1214435021,93200000,21200000,-263100000
"2025-11-30","BB.TO","CAD","0001070235","2025-11-30","2025-11-29 19:00:00","2026","Q3",376811715,47258295,424070010,279646430,208410475,71235955,0,0,53531520,757247960,40985070,666495305,56737835,723233140,102183865,0,74860485,941262560,0,1698510520,36105895,18680270,17425625,0,0,0,0,169098265,147908705,353112865,273512610,29553860,6691440,0,2509289,312267199,0,29553860,665380065,0,0,4117744890,-3066352380,0,-18262055,0,1033130455,1033130455,0,1698510520,149442160,303066470,-73745245
"2025-11-01","BBY","USD","0000764478","2025-12-05","2025-12-05 16:57:48","2026","Q3",1194000000,162000000,1356000000,1017000000,1017000000,0,7993000000,0,207000000,10573000000,4875000000,790000000,7000000,797000000,41000000,0,500000000,6213000000,0,16786000000,7319000000,7319000000,0,392000000,629000000,0,0,1084000000,689000000,10113000000,1155000000,2309000000,0,0,556000000,4020000000,0,2309000000,14133000000,0,0,22000000,2306000000,16000000,309000000,0,2653000000,2653000000,0,16786000000,203000000,4093000000,2899000000
"2025-10-31","BEA.V","CAD","0000000000","2025-10-31","2025-10-30 20:00:00","2026","Q3",850655,45050,895705,7413,0,7413,0,11987,0,915105,12734,0,0,0,109444,0,2299919,2422097,0,3337202,47000,0,47000,0,1933,0,0,0,87323,136256,0,0,0,0,0,0,0,0,136256,0,0,27971451,-26393656,0,1623151,0,3200946,3200946,0,3337202,154494,1933,-848722
"2025-10-31","BELMF","USD","0000000000","2025-10-31","2025-10-30 20:00:00","2026","Q3",606857,32138,638995,5288,0,5288,0,8551,0,652835,9084,0,0,0,78077,0,1640762,1727923,0,2380759,33529,0,33529,0,1379,0,0,0,62297,97205,0,0,0,0,0,0,0,0,97205,0,0,19954833,-18829234,0,1157955,0,2283554,2283554,0,2380759,110216,1379,-605478
"2025-10-31","BETR.CN","CAD","0000000000","2025-10-31","2025-10-30 20:00:00","2026","Q3",7962,0,7962,11613,0,11613,0,0,271552,291127,0,0,0,0,0,0,0,0,0,291127,0,0,0,0,563677,0,0,0,5797235,6360912,95954,0,0,0,0,95953,0,0,6456866,0,0,81962334,-119710946,0,28283692,0,-9464920,-6165739,3299181,291127,0,659631,651669
"2025-10-31","BETRF","USD","0001464165","2025-10-31","2025-10-30 20:00:00","2026","Q3",5680,0,5680,8284,0,8284,0,0,193726,207690,0,0,0,0,0,0,0,0,0,207690,0,0,0,0,402127,0,0,0,4135747,4537874,68453,0,0,0,0,68453,0,0,4606328,0,0,58471929,-85401788,0,20177585,0,-6752273,-4398638,2353635,207690,0,470580,464900
"2025-10-31","BKM.V","CAD","0000000000","2025-10-31","2025-10-31 00:00:00","2026","Q3",142929,0,142929,3978,3978,0,0,24672,0,171579,574601,0,0,0,123600,0,0,698201,0,869780,1128361,19593,1108768,0,0,10122,0,0,0,1138483,0,44317,0,0,0,44317,0,54439,1182800,0,0,54452511,-77648218,22882687,0,0,-313020,-313020,0,869780,123600,54439,-88490
"2025-10-31","BOX","USD","0001372612","2025-12-03","2025-12-03 16:07:08","2026","Q3",634818000,96482000,729641000,204928000,204928000,0,0,0,89302000,1023871000,90963000,81297000,91616000,172913000,0,229822000,91681000,585379000,0,1609250000,79383000,79383000,0,0,204762000,0,0,533927000,34899000,852971000,450415000,72416000,0,0,24284000,547115000,0,72416000,1400086000,0,495813000,14000,-928439000,642241000,-465000,0,209164000,209164000,0,1609250000,96482000,727593000,92775000
"2025-10-31","BRZE","USD","0001676238","2025-12-10","2025-12-09 17:42:30","2026","Q3",97815000,285451000,383266000,90196000,0,0,0,0,28578000,502040000,114037000,266981000,64527000,331508000,0,0,93700000,539245000,0,1041285000,0,3577000,0,0,19953000,0,0,271397000,78017000,369367000,63993000,0,0,0,5526000,69519000,0,0,438886000,0,0,11000,-686519000,0,270000,1288270000,602032000,602399000,367000,1041285000,0,83946000,-13869000
"2025-10-31","CGNT","USD","0001824814","2025-12-09","2025-12-09 07:07:13","2026","Q3",106586000,0,106586000,125545000,125545000,0,15668000,0,44899000,292698000,70508000,127066000,4807000,131873000,0,3284000,16535000,222200000,0,514898000,21609000,21609000,0,100313000,0,0,0,89407000,0,211329000,0,37217000,28450000,1013000,9366000,76046000,0,37217000,287375000,-21253000,0,0,-161040000,389942000,-3646000,0,204003000,227523000,23520000,514898000,0,37217000,-69369000
"2025-10-31","CHPT","USD","0001777393","2025-12-05","2025-12-05 16:21:40","2026","Q3",180514000,0,180514000,97141000,97141000,0,212209000,0,26265000,516129000,39290000,224131000,62588000,286719000,0,0,5895000,331904000,0,848033000,69269000,69269000,0,0,0,0,0,117752000,138498000,325519000,11963000,11963000,0,12091000,460077000,484131000,0,11963000,809650000,0,0,2000,-2067217000,0,-1287000,2106885000,38383000,38383000,0,848033000,0,11963000,-168551000
"2025-10-31","CLRMF","USD","0000000000","2025-10-31","2025-10-30 20:00:00","2026","Q3",1172417,0,1172417,114821,0,114821,0,14898,0,1302137,3035,0,0,0,0,0,24807088,24810123,0,26112261,0,0,0,0,2496900,0,0,0,51157,2548057,0,0,0,0,0,0,0,0,2548057,0,0,78288279,-64993896,0,10269820,0,23564203,23564203,0,26112261,0,2496900,1324482
"2025-10-31","CNOBF","USD","0000000000","2025-10-31","2025-10-30 20:00:00","2026","Q3",1835461,0,1835461,57326,0,57326,0,9906,0,1902694,220.44060000000002,0,0,0,0,0,0,220.44060000008184,0,1902915,0,0,0,0,0,0,0,0,99729,99729,0,0,0,0,0,0,0,0,99729,0,0,29197896,-34550604,6261994,893899,0,1803186,1803186,0,1902915,0,0,-1835461
"2025-10-31","CONXF","USD","0000000000","2025-10-31","2025-10-31 00:00:00","2026","Q3",9482181,0,9482181,194038,0,193956,0,19183,0,9695402,125369,0,25447139,25447139,93712077,0,10682,119295267,0,128990669,0,0,0,0,8000000,55696,0,0,-10840,8044856,27374308,45542,0,11963731,0,39383581,0,101238,47428437,0,0,67104748,13443151,0,1014333,0,81562232,81562232,0,128990669,93712077,35475546,25993365
"2025-10-31","CRM","USD","0001108524","2025-12-04","2025-12-03 18:47:15","2026","Q3",8978000000,2345000000,11323000000,5474000000,5474000000,0,0,0,4266000000,21063000000,5096000000,52457000000,3491000000,55948000000,6410000000,4334000000,2293000000,74081000000,0,95144000000,0,0,0,0,0,564000000,0,14996000000,5850000000,21410000000,8438000000,2137000000,0,0,3138000000,13713000000,0,2701000000,35123000000,-28255000000,0,1000000,20673000000,67448000000,154000000,0,60021000000,60021000000,0,95144000000,8755000000,11139000000,2161000000
"2025-10-31","CRM.BA","USD","0001108524","2025-10-31","2025-10-31 00:00:00","2026","Q3",8978000000,2345000000,11323000000,5474000000,5474000000,0,0,0,4266000000,21063000000,5096000000,52457000000,3491000000,55948000000,6410000000,4334000000,2293000000,74081000000,0,95144000000,0,0,0,0,0,564000000,0,14996000000,5850000000,21410000000,8438000000,2137000000,0,0,3138000000,13713000000,0,2701000000,35123000000,-28255000000,0,1000000,20673000000,67448000000,154000000,0,60021000000,60021000000,0,95144000000,8755000000,11139000000,2161000000
"2025-10-31","CRM.NE","USD","0000000000","2025-10-31","2025-10-31 00:00:00","2026","Q3",8978000000,2345000000,11323000000,7673115000,7673115000,0,0,0,2066885000,21063000000,5096000000,73530978000,4893468000,78424446000,6410000000,4334000000,-20183446000,74081000000,0,95144000000,5009812000,5009812000,0,0,0,564000000,0,14996000000,840188000,21410000000,8438000000,2137000000,0,0,3809924000,19222035000,0,2701000000,35123000000,-28255000000,0,1000000,20673000000,67448000000,154000000,0,60021000000,84133726000,0,133366975000,8755000000,11139000000,2161000000
"2025-10-31","CRWD","USD","0001535527","2025-12-03","2025-12-02 21:47:01","2026","Q3",4801083000,0,4801083000,1013116000,1013116000,0,0,0,705083000,6519282000,994322000,1352927000,144405000,1497332000,81332000,0,873079000,3446065000,0,9965347000,131596000,131596000,0,357653000,15929000,0,0,2851488000,243229000,3599895000,745099000,57018000,1211762000,0,292556000,2306435000,0,57018000,5906330000,0,0,126000,-1299986000,5314820000,1537000,0,4016497000,4059017000,42520000,9965347000,81332000,818046000,-3983037000
"2025-10-31","CRYBF","USD","0000000000","2025-10-31","2025-10-30 20:00:00","2026","Q3",323641,0,323641,16441,0,16441,0,0,84227,424309,429155,0,20527799,20527799,709073,0,0,21666028,0,22090338,214996,211906,3090,0,185897,0,0,0,301539,702432,377816,0,0,0,0,377816,0,0,1080248,0,0,44834264,-39515490,0,15691315,0,21010089,21010089,0,22090338,709074,563713,240072
"2025-10-31","CXM","USD","0001569345","2025-12-04","2025-12-04 16:06:36","2026","Q3",189591000,290754000,480345000,150187000,150187000,0,0,0,105107000,735639000,77871000,0,0,50176000,0,75952000,114251000,318250000,0,1053889000,22649000,22649000,0,0,8318000,0,0,332180000,80916000,444063000,40118000,0,0,0,11623000,51741000,0,0,495804000,-23831000,0,7000,-763455000,1350506000,-5142000,0,558085000,558085000,0,1053889000,290754000,48436000,-141155000
"2025-09-30","CXXI.CN","USD","0000000000","2025-09-30","2025-09-30 00:00:00","2026","Q3",2795772,0,2795772,984168,105604,878564,4767492,343070,0,8890502,11489576,28541323,7233707,35775030,0,0,0,47264606,0,56155108,3513271,1514412,1998859,381712,1161852,581412,1998859,334893,1200000,7173140,112264,9467419,0,34817,12029263,21643763,0,10048831,28816903,0,0,107148191,-78066418,0,-2183083,439515,27338205,27338205,0,56155108,0,11322947,8527175
"2025-09-30","CXXIF","USD","0000831609","2025-11-12","2025-11-12 06:24:30","2026","Q3",2795772,0,2795772,984168,105604,878564,4767492,343070,0,8890502,11489576,28541323,7233707,35775030,0,0,0,47264606,0,56155108,3513271,1514412,1998859,381712,1161852,581412,1998859,334893,1200000,7173140,112264,9467419,0,34817,12029263,21643763,0,10048831,28816903,0,0,107148191,-78066418,0,-2183083,439515,27338205,27338205,0,56155108,0,11322947,8527175
"2025-09-30","DBKSF","USD","0000000000","2025-09-30","2025-09-30 00:00:00","2026","Q3",545864,561782,545864,17994,17994,0,0,0,562332,1126190,0,3753286,36190887,39944173,0,0,0,39944173,0,41070363,145364,145364,0,0,34066173,0,0,0,0,34211537,0,0,0,0,0,0,0,0,34211536,0,0,45749781,-38931789,0,40835,0,6858827,6858827,0,41070363,561782,34066173,33520309
"2025-09-30","DC","USD","0001852353","2025-11-13","2025-11-13 13:07:34","2026","Q3",33022053,0,33022053,0,0,0,0,0,943304,33965357,2166102,0,0,0,0,0,83117838,85283940,0,119249297,0,0,0,0,132047,0,0,0,2794230,2926277,257758,104891,0,0,0,362649,0,104891,3288926,0,0,112898,-97253700,213101173,0,0,115960371,115960371,0,119249297,0,494696,-32527357
"2025-09-30","DC-WT","USD","0001852353","2025-11-13","2025-11-13 13:07:34","2026","Q3",33022053,0,33022053,0,0,0,0,0,943304,33965357,2166102,0,0,0,0,0,83117838,85283940,0,119249297,0,0,0,0,132047,0,0,0,2794230,2926277,257758,104891,0,0,0,362649,0,104891,3288926,0,0,112898,-97253700,213101173,0,0,115960371,115960371,0,119249297,0,494696,-32527357
"2025-10-31","DELL","USD","0001571996","2025-12-09","2025-12-09 16:07:24","2026","Q3",9569000000,0,9569000000,18148000000,11721000000,6427000000,6949000000,0,8436000000,43102000000,6538000000,19358000000,4628000000,23986000000,8485000000,0,5368000000,44377000000,0,87479000000,23794000000,23794000000,0,0,7394000000,0,0,12649000000,6679000000,50516000000,23849000000,0,12459000000,0,3275000000,39583000000,0,0,90099000000,-12665000000,0,9279000000,1420000000,0,-654000000,0,-2620000000,-2620000000,0,87479000000,8485000000,31243000000,21674000000
"2025-10-31","DLMAF","CAD","0000000000","2025-10-31","2025-10-31 00:00:00","2026","Q3",146618681,0,146618681,50532975,50532975,0,1178880000,20763000,-329999125,1066795531,3586720000,563834263,128036038,691870301,949135182,18648000,-1033298468,4213075015,0,5279870546,396557658,349530330,47027328,0,412541000,372459000,65920000,0,192328342,1373886000,2232052000,2371405000,0,118283000,7347000,4729087000,0,2743864000,4353860938,-29970000,0,1268891000,-60503000,51838000,67767000,0,1298023000,926009608,0,5279870546,949135182,5388457000,3697506542
"2025-10-31","DOCU","USD","0001261333","2025-12-05","2025-12-05 16:57:27","2026","Q3",600291000,256579999,856871000,363956000,363956000,0,0,0,86328000,1307155000,476819000,457247000,60816000,518063000,208529000,838694000,632779000,2674884000,0,3982039000,22482000,22482000,0,180982000,15840000,0,0,1444599000,119841000,1783744000,0,134533000,28027000,18497000,35717000,216774000,0,134533000,2000518000,-3387000,0,20000,-1668720000,3665653000,-12045000,0,1981521000,1981521000,0,3982039000,465109000,150373000,-449918000
"2025-10-31","DOL.TO","CAD","0000000000","2025-10-31","2025-10-31 00:00:00","2026","Q3",205521000,0,205521000,70834000,70834000,0,1178880000,20763000,19370000,1495368000,3586720000,790348000,179473000,969821000,1330439000,18648000,0,5905628000,0,7400996000,555870000,489950000,65920000,0,412541000,372459000,65920000,0,33016000,1373886000,2232052000,2371405000,0,118283000,7347000,4729087000,0,2743864000,6102973000,-29970000,0,1268891000,-60503000,51838000,67767000,0,1298023000,1298023000,0,7400996000,1330439000,5388457000,5182936000
"2025-10-31","DOMO","USD","0001505952","2025-12-09","2025-12-08 19:43:27","2026","Q3",47874000,0,47874000,52265000,52265000,0,0,0,22577000,122716000,41156000,9478000,1700000,11178000,0,0,26555000,78889000,0,201605000,25050000,25050000,0,0,7653000,0,0,146269000,70897000,249869000,124188000,6618000,3042000,0,9819999,143667999,0,6618000,393537000,0,0,42000,-1538910000,1346653000,283000,0,-191932000,-191932000,0,201605000,0,138459000,90585000
"2025-10-31","DSG.TO","USD","0000000000","2025-10-31","2025-10-31 00:00:00","2026","Q3",278684740,0,278684740,87512945,64790528,22722417,206921,20102407,14442544,400949562,20028435,1015955275,350827493,1366782768,0,6116689,26251084,1419178978,0,1820128540,22389543,15924984,6464558,44049361,3239776,0,6467000,117023800,31880957,218583440,0,4360352,1555412,38481465,6051714,50448945,0,4360352,269032386,0,0,586929317,482008945,503725743,-21567853,0,1551096153,1551096153,0,1820128540,0,7600129,-271084611
"2025-10-25","DY","USD","0000067215","2025-11-20","2025-11-20 08:50:52","2026","Q3",110109000,0,110109000,1754329000,1734460000,19869000,120057000,0,41475000,2025970000,686687000,332645000,183999000,516644000,15155000,0,80368000,1298854000,0,3324824000,297130000,297130000,0,0,58135000,0,0,54766000,246427000,656458000,919480000,87032000,0,85082000,93477000,1185071000,0,87032000,1841529000,0,0,9652000,1451266000,0,0,22377000,1483295000,1483295000,0,3324824000,15155000,1064647000,954538000
"2025-11-30","EBF","USD","0000033002","2026-01-07","2026-01-07 09:13:23","2026","Q3",31283000,0,31283000,36884000,35307000,1577000,60802000,3611000,0,132580000,68071000,106586000,40904000,147490000,0,0,6115000,221676000,0,354256000,12886000,12886000,0,0,4599000,0,46591000,0,17542000,35027000,5750000,0,0,8184000,501000,14435000,0,0,49462000,0,0,75134000,198699000,0,0,30961000,354256000,304794000,0,354256000,0,4599000,-26684000
"2025-10-31","EBZT","USD","0001730869","2025-10-31","2025-10-30 20:00:00","2026","Q3",28000,0,28000,0,0,0,0,0,0,28000,0,0,936000,936000,0,0,190000,1126000,0,1154000,0,0,0,0,120000,0,0,0,317000,437000,0,0,0,0,0,0,0,0,437000,0,0,4000,-88335000,89048000,0,-2000,715000,715000,0,1152000,0,120000,92000
"2025-10-31","EREPF","USD","0000000000","2025-10-31","2025-10-30 20:00:00","2026","Q3",92325,0,92325,0,0,0,0,0,4377,96702,0,0,0,0,0,0,4058215,4058215,0,4154917,0,0,0,0,67456,0,0,0,32143,99599,1128336,0,0,0,0,1128336,0,0,1227936,0,0,5781422,-4723969,1560784,308743,0,2926981,2926981,0,4154917,0,1195793,1103467
"2025-10-31","ESSI","USD","0001490873","2025-12-09","2025-12-09 15:53:56","2026","Q3",1914,0,1914,0,0,0,0,0,0,1914,0,0,100000,100000,0,0,0,100000,0,101914,0,0,0,0,7172965,0,0,0,10273344,17446309,0,0,0,0,0,0,0,0,17446309,0,0,5396,-79508395,0,0,62158604,-17344395,-17344395,0,101914,0,7172965,7171051
"2025-10-31","FNAUF","CAD","0000000000","2025-10-31","2025-10-31 00:00:00","2026","Q3",881.7624000000001,0,1236,21689,21689,0,0,0,0,22925,1331382,0,0,0,0,0,0,1331382,0,1354307,445286,445286,0,0,110058,0,0,0,-127619,427725,0,0,0,0,0,0,0,0,427725,0,0,3312931,-3165125,0,575692,31250,754748,538437,0,966162,0,110058,153037
"2025-10-31","FOO.DE","USD","0000000000","2025-10-31","2025-10-31 00:00:00","2026","Q3",8978000000,2345000000,11323000000,5474000000,5474000000,0,0,0,4266000000,21063000000,5096000000,52457000000,3491000000,55948000000,6410000000,4334000000,2293000000,74081000000,0,95144000000,0,0,0,0,0,564000000,0,14996000000,5850000000,21410000000,8438000000,2137000000,0,0,3138000000,13713000000,0,2701000000,35123000000,-28255000000,0,1000000,20673000000,67448000000,154000000,0,60021000000,60021000000,0,95144000000,8755000000,11139000000,2161000000
"2025-10-31","FOO.F","USD","0000000000","2025-10-31","2025-10-31 00:00:00","2026","Q3",8978000000,2345000000,11323000000,5474000000,5474000000,0,0,0,4266000000,21063000000,5096000000,52457000000,3491000000,55948000000,6410000000,4334000000,2293000000,74081000000,0,95144000000,0,0,0,0,0,564000000,0,14996000000,5850000000,21410000000,8438000000,2137000000,0,0,3138000000,13713000000,0,2701000000,35123000000,-28255000000,0,1000000,20673000000,67448000000,154000000,0,60021000000,60021000000,0,95144000000,8755000000,11139000000,2161000000
"2025-11-01","GCO","USD","0000018498","2025-12-11","2025-12-11 10:42:06","2026","Q3",27034000,0,27034000,55830000,55830000,0,558059000,0,48211000,689134000,841473000,9176000,27005000,36181000,0,0,-94685000,782969000,0,1472103000,212668000,212668000,0,83412000,19727000,120156000,0,0,0,435963000,69774000,404009000,0,0,48582000,522365000,0,524165000,958328000,-17857000,835000,11281000,218286000,340723000,-39493000,0,513775000,513775000,0,1472103000,0,613666000,586632000
"2025-11-01","GES","USD","0000912463","2025-12-05","2025-12-05 16:46:27","2026","Q3",154236000,0,154236000,407778000,0,407778000,692266000,0,0,1254280000,1360477000,35629000,0,35629000,820000,0,-36449000,1360477000,391739000,3006496000,0,0,0,0,1094850000,0,0,0,0,1094850000,344535000,795308000,0,0,168834000,344535000,0,795308000,2440125000,0,0,522000,1244744000,0,-129694000,508499000,1567111000,566371000,57872000,3006496000,820000,1439385000,1285149000
"2025-10-31","GTLB","USD","0001653482","2025-12-03","2025-12-02 17:43:06","2026","Q3",224231000,980077000,1204308000,221140000,221140000,0,0,0,81501000,1506949000,10193000,16919000,11789000,28708000,0,0,24989000,63890000,0,1570839000,9187000,9187000,0,33402000,0,0,0,464813000,58406000,565808000,0,0,28977000,0,8056999,37033999,0,0,602842000,0,0,0,-1220973000,2141732000,1956000,0,922715000,967997000,45282000,1570839000,980077000,0,-224231000
"2025-10-31","GTVI","USD","0001263364","2025-11-25","2025-11-25 16:05:35","2026","Q3",2067,0,2067,25892,0,0,0,0,30521,58480,0,0,0,0,0,0,100000,100000,0,158480,0,0,0,0,454000,0,0,0,3537865,3991865,0,0,0,0,2194016,2194016,0,0,6185881,0,0,276898,-39392829,0,0,33088530,-6027401,-6027401,0,158480,0,454000,451933
"2025-10-31","HAR.V","CAD","0000000000","2025-10-31","2025-10-30 20:00:00","2026","Q3",1299310,0,1299310,423987,394629,29358,0,0,25100,1748397,99695,0,0,0,163658,0,11606196,11869549,0,13617947,176338,176338,0,0,30831,0,0,0,14853,222022,0,59938,0,0,0,59937,0,59938,281960,0,0,30834038,-19709890,2211839,0,0,13335987,13335987,0,13617947,163658,90769,-1208541
"2025-11-30","HBBHF","USD","0000000000","2025-11-30","2025-11-29 19:00:00","2026","Q3",453570403,0,453570403,111566026,74918557,36647468,1342619421,0,144502357,2052258207,3167222630,0,0,89647129,23426546,46273227,9509786,3336079318,0,5388337526,486854654,428520235,58334419,0,533475799,0,0,56246905,331682781,1408260139,411472204,929175676,0,26673790,76890099,1444211769,0,929175676,2852471908,0,0,55667040,0,151460738,2230972600,0,2438100379,2535865618,97765239,5388337526,23426546,1874123680,1420553277
"2025-11-30","HBH.DE","EUR","0000000000","2025-11-30","2025-11-29 19:00:00","2026","Q3",391100000,0,391100000,96200000,64599999,31600000,1157700000,0,124600000,1769600000,2731000000,0,0,77300000,20200000,39900000,8200000,2876600000,0,4646200000,419800000,369500000,50300000,0,460000000,0,0,48500000,286000000,1214300000,354800000,801200000,0,23000000,66300000,1245300000,0,801200000,2459600000,0,0,48000000,0,130600000,1923699999,0,2102300000,2186600000,84300000,4646200000,20200000,1616000000,1224900000
"2025-11-30","HBH3.SW","EUR","0000000000","2025-11-30","2025-11-29 19:00:00","2026","Q3",391100000,0,391100000,96200000,64599999,31600000,1157700000,0,124600000,1769600000,2731000000,0,0,77300000,20200000,39900000,8200000,2876600000,0,4646200000,419800000,369500000,50300000,0,460000000,0,0,48500000,286000000,1214300000,354800000,801200000,0,23000000,66300000,1245300000,0,801200000,2459600000,0,0,48000000,0,130600000,1923699999,0,2102300000,2186600000,84300000,4646200000,20200000,1616000000,1224900000
"2025-11-02","HOFT","USD","0001077688","2025-12-12","2025-12-12 17:21:19","2026","Q3",1354000,0,1354000,31737000,31737000,74000,52146000,0,20205000,105442000,49377000,574000,13539000,14113000,0,24914000,46391000,134795000,0,240237000,12483000,12448000,35000,7132000,0,5432000,74000,5317000,9177000,39541000,3815000,20838000,0,0,6287000,30940000,0,26270000,70481000,0,0,50977000,118308000,0,471000,0,169756000,169756000,0,240237000,0,30085000,28731000
"2025-10-31","HPYCF","CAD","0000000000","2025-10-31","2025-10-31 00:00:00","2026","Q3",1474161,795391,2269552,1081467,83968,997499,0,127092,-346373,3131738,10854479,0,0,0,2663797,0,-3110893,10407383,0,13539121,105615,105615,0,15000,0,0,0,0,0,120615,0,0,0,95533,0,95533,0,0,181580,0,0,20261123,-9593295,0,2689713,0,13357541,13357541,0,13539121,3459188,0,-1474161
"2025-10-31","HQY","USD","0001428336","2025-12-03","2025-12-03 16:04:09","2026","Q3",309259000,0,309259000,111243000,111243000,0,0,0,78206000,498708000,41435000,1648145000,1124768000,2772913000,7794000,0,85005000,2899353000,0,3398061000,19549000,19549000,0,43735000,9931000,0,0,0,47413000,120628000,982105000,36228000,0,101573000,23501000,1143407000,0,36228000,1264035000,0,0,9000,207936000,1917244000,8837000,0,2134026000,2134026000,0,3398061000,7794000,1028264000,719005000
"2025-10-31","HRFEF","USD","0000000000","2025-10-31","2025-10-30 20:00:00","2026","Q3",926927,0,926927,302472,281528,20943,0,0,17907,1247306,71122,0,0,0,116753,0,8279861,8467736,0,9715043,125799,125799,0,0,21994,0,0,0,10597,158390,0,42759,0,0,0,42759,0,42759,201150,0,0,21997000,-14061035,1577925,0,0,9513893,9513893,0,9715043,116753,64754,-862173
"2025-09-30","IBATF","USD","0000000000","2025-09-30","2025-09-30 00:00:00","2026","Q3",9423000,0,9423000,515000,510000,5000,1061000,219000,175000,11393000,27997000,0,2728000,2728000,0,0,0,30725000,0,42118000,1046000,1046000,0,657000,0,94000,0,0,0,1797000,0,95000,0,0,8070000,8165000,0,189000,9962000,0,0,67056000,-34900000,0,0,0,32156000,32156000,0,42118000,0,189000,-9234000
"2025-10-31","IDEXF","EUR","0001438656","2025-10-31","2025-10-31 00:00:00","2026","Q3",6865788000,6135483000,13001271000,1180000000,1180000000,0,4499000000,0,1490216000,20170487000,15958000000,0,0,1812000000,584936000,0,3966085000,22321021000,0,42491508000,13643893000,13643893000,0,0,1000000,1525000000,0,0,302646000,15472539000,0,3931000000,0,98066000,701462000,5334801000,0,5456000000,20807340000,0,0,0,0,0,0,21684167000,21684167000,21684167000,0,42491508000,6720419000,5457000000,-569938000
"2025-10-31","IDEXY","EUR","0000000000","2025-10-31","2025-10-31 00:00:00","2026","Q3",6868644000,6138036000,13006680000,1180000000,1180000000,0,4499000000,0,1493199000,20178879000,15958000000,0,0,1812000000,585179000,0,3975128000,22330307000,0,42509186000,13649569000,13649569000,0,0,1000000,1525000000,0,0,303407000,15478976000,0,3931000000,0,98107000,701754000,5337021000,0,5456000000,20815997000,0,0,0,0,0,0,21693189000,21693189000,21693189000,0,42509186000,6723215000,5457000000,-570175000
"2025-10-31","IHT","USD","0000082473","2025-12-15","2025-12-15 17:28:04","2026","Q3",14016,0,14016,70755,70755,0,0,0,1337473,1422244,8840729,0,0,0,1707296,0,1925000,12473025,0,13895269,0,0,0,0,748367,20732,0,0,529932,1299031,12743138,2189088,0,0,0,12743138,0,2209820,14042169,-917425,0,4532457,0,0,0,0,3615032,-146900,-3761932,13895269,1707296,13491505,13477489
"2025-10-31","ILI.V","CAD","0000000000","2025-10-31","2025-10-30 20:00:00","2026","Q3",969953,0,969953,47430,0,47430,0,0,15617,1033000,0,0,0,0,0,0,19137356,19137356,0,20170357,0,0,0,0,0,0,0,0,234084,234084,0,0,0,0,0,0,0,0,234084,0,0,40004252,-24823242,0,4755263,0,19936273,19936273,0,20170357,0,0,-969953
"2025-11-01","IOT","USD","0001642896","2025-12-09","2025-12-09 16:12:13","2026","Q3",275111000,486725000,761836000,256676000,256676000,0,54955000,0,184512000,1257979000,140715000,0,0,0,385332000,0,529668000,1055715000,0,2313694000,19768000,19768000,0,58307000,12822000,0,0,620853000,94643000,806393000,0,62815000,133854999,0,7276000,203946000,0,62815000,1010339000,0,0,35000,-1641160000,2941680000,2800000,0,1303355000,1303355000,0,2313694000,872057000,75637000,-199474000
"2025-10-31","ITX.WA","EUR","0000000000","2025-10-31","2025-10-31 00:00:00","2026","Q3",5951000000,5318000000,11269000000,1180000000,1180000000,0,4499000000,0,57542312000,74490312000,15958000000,0,0,1812000000,2160189000,0,62502121000,82432310000,0,156922622000,50387372000,50387372000,0,0,1000000,1525000000,0,0,-38502372000,13411000000,0,3931000000,0,85000000,608000000,4624000000,0,5456000000,18035000000,0,0,0,0,0,0,80080388000,80080388000,80080388000,0,156922622000,24818742000,5457000000,-2104800000
"2025-10-31","KCRD","USD","0001696025","2025-12-22","2025-12-19 19:04:10","2026","Q3",9698,0,9698,20245,0,0,0,0,3554,33497,355,0,13194,13194,0,0,0,13549,0,47046,0,330261,0,0,347960,0,0,0,735826,1083786,0,0,0,0,0,0,0,0,159158,0,0,103331,-1700559,0,0,1485116,-112112,-112112,0,47046,0,347960,338262
"2025-11-30","KMX","USD","0001170010","2025-12-23","2025-12-23 10:02:45","2026","Q3",204938000,0,204938000,151102000,151102000,0,3127948000,0,714217000,4198205000,4498543000,141258000,0,141258000,16151162000,73451000,499736000,21364150000,0,25562355000,891575000,887496000,4078999,0,796645000,0,4079000,0,418021000,2106241000,15879397000,0,0,0,1512183000,17391580000,0,0,19497821000,0,0,71531000,4196141000,1824142000,-27280000,0,6064534000,6064534000,0,25562355000,16151162000,16676042000,16471104000
"2025-10-31","LAKE","USD","0000798081","2025-12-09","2025-12-09 16:46:02","2026","Q3",17194000,0,17194000,30280000,0,0,87891000,0,7955000,143320000,22923000,17584000,32127000,49711000,0,800000,3963000,77397000,0,220717000,0,14534000,0,0,5051000,0,2701000,0,32402000,37453000,47161000,0,0,1619000,0,48780000,0,0,86233000,0,0,112000,30360000,0,-5099000,109111000,134484000,134484000,0,220717000,0,52212000,35018000
"2025-10-31","LBSR","USD","0001172178","2025-12-12","2025-12-12 11:09:47","2026","Q3",436521,0,436521,0,0,0,0,0,36110,472631,6322,0,0,0,101100,0,0,107422,0,580053,157449,157449,0,8566,519937,0,0,0,1073131,1759083,32400,0,0,0,0,32400,0,0,1791483,0,0,815,-60475780,59263535,0,0,-1211430,-1211430,0,580053,101100,552337,115816
"2025-11-02","LOVE","USD","0001701758","2025-12-11","2025-12-11 07:05:46","2026","Q3",23722000,0,23722000,16960000,16960000,0,129681000,13098000,2525000,185986000,249807000,144000,2104000,2248000,0,26368000,31105000,309528000,0,495514000,64139000,45548000,18591000,41402000,0,22730000,4582000,8727000,0,136998000,0,168785000,0,0,424000,169209000,0,191515000,306207000,0,0,0,-8242000,197549000,0,0,189307000,189307000,0,495514000,0,191515000,167793000
"2025-10-31","LPP.WA","PLN","0000000000","2025-10-31","2025-10-31 00:00:00","2026","Q3",693000000,849000000,1542000000,688000000,215000000,473000000,4801000000,0,260000000,7291000000,10345000000,183000000,517000000,700000000,0,288000000,14000000,11347000000,0,18638000000,6014000000,5757000000,257000000,0,1952000000,1289000000,257000000,0,516000000,9771000000,146000000,3789000000,0,2000000,35000000,3972000000,0,5078000000,13743000000,0,0,4000000,1168000000,364000000,3359000000,0,4895000000,4895000000,0,18638000000,849000000,7176000000,6483000000
"2025-10-31","LPPSY","USD","0000000000","2025-10-31","2025-10-30 20:00:00","2026","Q3",187804878,230081300,417886178,186449864,58265582,128184281,1301084010,23577235,46883471,1975880758,2803523035,49593495,140108401,189701897,0,78048780,3794038,3075067750,0,5050948509,1629810298,1560162601,69647696,54200542,878319783,0,0,49593495,36043361,2647967479,39566395,1026829268,0,542005,9485094,1076422764,0,1026829268,3724390243,0,0,1084010,316531165,98644986,910298102,0,1326558265,1326558265,0,5050948509,230081300,1944715447,1756910569
"2025-10-31","MAMA","USD","0001520358","2025-12-08","2025-12-08 16:08:35","2026","Q3",18068000,0,18068000,11047000,0,0,10360000,0,1488000,40963000,29370000,9447000,3534000,12981000,0,625000,95000,43071000,0,84034000,0,0,0,0,1646000,0,0,0,20482000,22128000,6642000,0,0,0,0,6642000,0,0,12308000,0,0,0,3218000,0,0,46380000,49598000,49598000,0,84034000,0,8288000,-9780000
"2025-10-31","MDB","USD","0001441816","2025-12-02","2025-12-02 16:19:32","2026","Q3",834092000,1471669000,2305761000,416494000,416494000,0,0,0,210059000,2932314000,71618000,189641000,38308000,227949000,0,23012000,311756000,634335000,0,3566649000,14811000,14811000,0,131759999,9145000,0,0,300873000,101444000,558033000,0,25480000,66173000,560000,27964000,120177000,0,25480000,678210000,-346654000,0,81000,-1927385000,5152122000,10275000,0,2888439000,2888439000,0,3566649000,1471669000,34625000,-799467000
"2025-10-31","MMMB","USD","0001520358","2025-12-08","2025-12-08 16:08:35","2026","Q3",18068000,0,18068000,11047000,0,0,10360000,0,1488000,40963000,29370000,9447000,3534000,12981000,0,625000,95000,43071000,0,84034000,0,0,0,0,1646000,0,0,0,20482000,22128000,6642000,0,0,0,0,6642000,0,0,12308000,0,0,0,3218000,0,0,46380000,49598000,49598000,0,84034000,0,8288000,-9780000
"2025-10-31","MMMRF","CAD","0000000000","2025-10-31","2025-10-31 00:00:00","2026","Q3",690151,0,492353,31463,31463,0,0,0,-9017,514799,0,0,0,0,0,0,0,0,0,514799,517833,488194,29639,0,177043,0,0,0,-148411,546465,0,0,0,0,0,0,0,0,546465,0,0,6711637,-7576756,820731,0,0,-44388,-31666,0,514799,0,177043,-441982
"2025-10-31","MNAO","USD","0001710495","2025-12-19","2025-12-19 17:11:22","2026","Q3",0,0,0,0,0,0,0,0,0,0,0,0,190000,190000,0,0,0,190000,0,190000,0,0,0,0,0,0,0,0,8344100,8344100,0,0,0,0,0,0,0,0,8344100,0,1001,42598,-1295822,0,0,0,-8154100,-8154100,0,190000,0,0,0
"2025-10-31","MOV","USD","0000072573","2025-11-25","2025-11-25 09:32:25","2026","Q3",183876000,0,183876000,118311000,118311000,0,196911000,0,22917000,522015000,110917000,0,4456000,4456000,0,43278000,71233000,229884000,0,751899000,28592000,27149000,1443000,0,0,0,1443000,0,100107000,128699000,62884000,62884000,0,0,0,123311000,0,62884000,252010000,-291135000,0,357000,437387000,246947000,103898000,0,499889000,502324000,2435000,751899000,0,83070000,-120992000
"2025-11-01","MRVL","USD","0001835632","2025-12-03","2025-12-03 16:04:43","2026","Q3",2028400000,686100000,2714500000,1546300000,1546300000,0,1014500000,0,237200000,5512500000,1127200000,11062200000,2294900000,13357100000,144200000,403500000,1034500000,16066500000,0,21579000000,967300000,633700000,333600000,252400000,631000000,0,0,682700000,203300000,2736700000,4145600000,255000000,0,33900000,351199999,4785700000,0,255000000,7522400000,0,0,1700000,1010500000,13044000000,400000,0,14056600000,14056600000,0,21579000000,830300000,5031600000,3003200000
"2025-10-31","MSB","USD","0000065172","2025-12-12","2025-12-12 16:31:05","2026","Q3",23191923,0,23191923,1055605,0,1055605,0,229306,1522367,25999201,0,0,0,0,0,0,0,3,0,25999204,4460803,0,4460803,450538,0,0,0,0,0,4911341,0,0,0,0,0,0,0,0,4911341,0,0,3,0,0,21087860,0,21087863,21087863,0,25999204,0,0,-23191923
"2025-10-31","MTH.V","CAD","0000000000","2025-10-31","2025-10-30 20:00:00","2026","Q3",690151,0,690151,31462,0,31462,0,0,0,721614,0,0,0,0,0,0,0,0,0,721614,0,0,0,0,248169,0,0,0,517831,766000,0,0,0,0,0,0,0,0,766000,0,0,6711637,-7576756,820731,0,0,-44388,-44388,0,721614,0,248169,-441982
"2025-10-31","NCNO","USD","0001902733","2025-12-03","2025-12-03 17:16:50","2026","Q3",87590000,0,87590000,86948000,85660000,1288000,0,18174000,1434000,194280000,89261000,1071152000,142841000,1213993000,7420000,0,56220000,1366894000,0,1561174000,12527000,12527000,0,16481000,0,5955000,0,152065000,21055000,208083000,203500000,59916000,121000,18016000,17615000,299168000,0,65871000,507251000,-100343000,0,59000,-384391000,1526923000,-760000,0,1041488000,1053923000,12435000,1561174000,7420000,269371000,181647000
"2025-10-31","NKL.V","USD","0000000000","2025-10-31","2025-10-31 00:00:00","2026","Q3",13285957,0,13285957,271876,0,271876,0,19183,7696,13584712,125369,0,35670225,35670225,131304676,0,50293,167150563,0,180735275,0,0,0,0,8000000,55696,0,0,-10840,8044856,27374308,45542,0,11963731,0,39383581,0,101238,66454354,0,0,67104748,13443151,0,1014333,0,81562232,114280921,0,180735275,131304676,35475546,25993365
"2025-10-31","NNWWF","CAD","0000000000","2025-10-31","2025-10-31 00:00:00","2026","Q3",59234315,0,59234315,112390000,112390000,0,382202000,24221000,-148691806,429355509,849176000,37284424,19550013,56834437,0,28280000,-222406412,711884025,0,1141239534,246406000,241259000,5147000,0,0,20113000,5147000,0,0,266519000,349819000,107979000,0,12889000,44924000,515611000,0,128092000,557971542,-462996,0,128480486,404252390,3021249,32233552,0,567524681,583267992,15743311,1141239534,0,477911000,281707392
"2025-10-31","NRM.V","CAD","0000000000","2025-10-31","2025-10-30 20:00:00","2026","Q3",3532,0,3532,17720,0,17720,0,147521,0,168773,114003,0,0,0,21276,0,5468944,5604223,0,5772996,0,0,0,0,50044,0,0,0,1076224,1126268,0,66610,0,0,0,66610,0,66610,1192878,0,0,28925127,-34921532,0,10576523,0,4580118,4580118,0,5772996,21276,116654,113122
"2025-10-31","NRVTF","USD","0000000000","2025-10-31","2025-10-30 20:00:00","2026","Q3",2519,0,2519,12641,0,12641,0,105241,0,120402,81329,0,0,0,15178,0,3901545,3998052,0,4118455,0,0,0,0,35701,0,0,0,767778,803479,0,47519,0,0,0,47519,0,47519,850999,0,0,20635185,-24913020,0,7545291,0,3267456,3267456,0,4118455,15178,83220,80701
"2025-10-31","NTRR","USD","0001512886","2025-10-31","2025-10-30 20:00:00","2026","Q3",35582,0,35582,160311,160311,0,0,0,0,195893,17890,0,0,0,0,0,0,17889,0,213783,656562,656562,0,0,115200,0,0,0,0,771762,0,0,0,0,0,0,0,0,771762,0,2100,2942898,-12276516,7721539,1077000,-25000,-557979,-557979,0,213783,0,115200,79618
"2025-10-26","NVD.DE","USD","0001045810","2025-11-19","2025-11-19 16:36:17","2026","Q3",11486000000,49122000000,60608000000,33391000000,33391000000,0,19784000000,0,2709000000,116492000000,12061000000,6261000000,936000000,7197000000,8187000000,13674000000,3537000000,44656000000,0,161148000000,11539000000,8624000000,2915000000,5616000000,999000000,341000000,0,1248000000,6332000000,26075000000,7468000000,2014000000,1165000000,1621000000,3908000000,16176000000,0,2355000000,42251000000,0,0,24000000,107908000000,10626000000,339000000,0,118897000000,118897000000,0,161148000000,57309000000,10822000000,-664000000
"2025-10-26","NVD.F","USD","0001045810","2025-11-19","2025-11-19 16:36:17","2026","Q3",11486000000,49122000000,60608000000,33391000000,33391000000,0,19784000000,0,2709000000,116492000000,12061000000,6261000000,936000000,7197000000,8187000000,13674000000,3537000000,44656000000,0,161148000000,11539000000,8624000000,2915000000,5616000000,999000000,341000000,0,1248000000,6332000000,26075000000,7468000000,2014000000,1165000000,1621000000,3908000000,16176000000,0,2355000000,42251000000,0,0,24000000,107908000000,10626000000,339000000,0,118897000000,118897000000,0,161148000000,57309000000,10822000000,-664000000
"2025-10-26","NVDA","USD","0001045810","2025-11-19","2025-11-19 16:36:17","2026","Q3",11486000000,49122000000,60608000000,33391000000,33391000000,0,19784000000,0,2709000000,116492000000,12061000000,6261000000,936000000,7197000000,8187000000,13674000000,3537000000,44656000000,0,161148000000,11539000000,8624000000,2915000000,5616000000,999000000,341000000,0,1248000000,6332000000,26075000000,7468000000,2014000000,1165000000,1621000000,3908000000,16176000000,0,2355000000,42251000000,0,0,24000000,107908000000,10626000000,339000000,0,118897000000,118897000000,0,161148000000,57309000000,10822000000,-664000000
"2025-10-26","NVDA.NE","USD","0001045810","2025-11-19","2025-11-19 16:36:17","2026","Q3",11486000000,49122000000,60608000000,33391000000,33391000000,0,19784000000,0,2709000000,116492000000,12061000000,6261000000,936000000,7197000000,8187000000,13674000000,3537000000,44656000000,0,161148000000,11539000000,8624000000,2915000000,5616000000,999000000,341000000,0,1248000000,6332000000,26075000000,7468000000,2014000000,1165000000,1621000000,3908000000,16176000000,0,2355000000,42251000000,0,0,24000000,107908000000,10626000000,339000000,0,118897000000,118897000000,0,161148000000,57309000000,10822000000,-664000000
"2025-10-31","NWC.TO","CAD","0000000000","2025-10-31","2025-10-31 00:00:00","2026","Q3",83031000,0,83031000,112390000,68638000,43752000,382202000,24221000,0,601844000,849176000,52263000,27404000,79667000,0,28280000,40752000,997875000,0,1599719000,246406000,241259000,5147000,0,0,20113000,5147000,0,0,266519000,349819000,107979000,0,12889000,44924000,515611000,0,128092000,782130000,0,0,179447000,566656000,4235000,45183000,0,795521000,817589000,22068000,1599719000,0,477911000,394880000
"2025-10-31","OKTA","USD","0001660134","2025-12-03","2025-12-02 18:08:06","2026","Q3",645000000,1818000000,2463000000,463000000,463000000,0,0,0,120000000,3046000000,104000000,5487000000,106000000,5593000000,0,0,486000000,6183000000,0,9229000000,13000000,13000000,0,173000000,350000000,0,0,1557000000,91000000,2184000000,0,73000000,29000000,0,50000000,152000000,0,73000000,2336000000,0,0,0,-2630000000,9519000000,4000000,0,6893000000,6893000000,0,9229000000,1818000000,423000000,-222000000
"2025-10-31","OOMA","USD","0001327688","2025-12-09","2025-12-09 17:20:19","2026","Q3",21720000,0,21720000,8827000,0,0,15287000,0,18413000,64247000,26952000,23069000,17967000,41036000,0,0,20471000,88459000,0,152706000,0,6398000,0,0,0,0,0,16969000,34708000,51677000,11021000,0,0,0,17000,11038000,0,0,62715000,0,0,5000,-137672000,0,0,227658000,89991000,89991000,0,152706000,0,11021000,-10699000
"2025-10-31","PATH","USD","0001734722","2025-12-08","2025-12-08 17:28:43","2026","Q3",743660000,654526000,1398624000,496092000,496092000,0,0,0,112128000,2006844000,109770000,120625000,21583000,142208000,126310000,212999000,297845000,889132000,0,2895976000,14280000,14280000,0,88551000,0,0,0,533998000,151871000,788700000,0,72016000,99155000,0,11488000,182659000,0,72016000,971359000,-824329000,0,6000,-1810007000,4531257000,27690000,0,1924617000,1924617000,0,2895976000,780836000,72016000,-671644000
"2025-10-31","PBMLF","USD","0001319150","2025-10-31","2025-10-30 20:00:00","2026","Q3",101965,0,101965,2837,0,2837,0,0,17602,122404,42849,0,0,0,88176,0,367071,498096,0,620501,0,0,0,0,7221,0,0,0,804972,812193,0,31615,0,0,0,31615,0,31615,843809,0,0,38846421,-55394238,16324508,0,0,-223308,-223308,0,620501,88176,38836,-63128
"2025-10-31","PD","USD","0001568100","2025-11-26","2025-11-25 18:06:46","2026","Q3",324260000,223521000,547781000,78880000,78880000,0,0,0,13855000,640516000,35499000,137401000,16588000,153989000,1079000,151470000,45210999,387247999,0,1027763999,6698000,6698000,0,28178000,4102999,0,0,221809000,17283000,278071000,395132000,9291000,1227000,0,5952000,410375000,0,9291000,688446000,-4184999,0,0,-431171000,756061000,-206000,0,320499000,339318000,18819000,1027763999,224600000,408526000,84266000
"2025-10-31","PESO.V","CAD","0000000000","2025-10-31","2025-10-30 20:00:00","2026","Q3",695614,0,695614,1396640,0,1396640,10948460,0,242739,13283453,10930328,0,74216,74216,0,0,4919071,15923615,0,29207068,11010374,11010374,0,158469,21286887,0,0,0,892906,33348636,0,6535938,0,0,0,6535938,0,6535938,39884575,0,0,38997528,-64463239,0,14788204,0,-10677507,-10677507,0,29207068,0,27822825,27127211
"2025-10-31","PGPGF","USD","0000000000","2025-10-31","2025-10-30 20:00:00","2026","Q3",2847,0,2847,17725,0,17725,0,0,11303,31875,0,0,0,0,0,0,0,0,0,31875,0,0,0,0,0,0,0,0,357981,357981,29563,0,0,0,0,29563,0,0,387544,0,0,17872061,-19959622,1731892,0,0,-355669,-355669,0,31875,0,29563,26715
"2025-10-31","PHR","USD","0001412408","2025-11-12","2025-11-12 17:18:52","2026","Q3",106371000,0,106371000,88257000,0,0,0,0,46278000,240906000,22677000,75845000,25532000,101377000,0,1640000,56872000,182566000,0,423472000,0,6218000,0,0,0,0,0,29712000,69071000,98783000,3485000,0,0,683000,192000,4360000,0,0,103143000,0,0,616000,-800485000,0,-360000,1120558000,320329000,320329000,0,423472000,0,3485000,-102886000
"2025-10-31","PL","USD","0001836833","2025-12-10","2025-12-10 16:30:58","2026","Q3",443349000,233975000,677324000,46332000,46332000,0,0,0,30487000,754143000,159034000,138954000,46599000,185553000,0,0,7330000,351917000,0,1106060000,6629000,3448000,3181000,19040000,0,7943000,3181000,145857000,9120000,188589000,446201000,7209000,48332000,0,66171000,567913000,0,15152000,756502000,0,0,28000,-1297406000,1642478000,4458000,0,349558000,349558000,0,1106060000,233975000,461353000,18004000
"2025-10-31","PL-WT","USD","0001836833","2025-12-10","2025-12-10 16:30:58","2026","Q3",443349000,233975000,677324000,46332000,46332000,0,0,0,30487000,754143000,159034000,138954000,46599000,185553000,0,0,7330000,351917000,0,1106060000,6629000,3448000,3181000,19040000,0,7943000,3181000,145857000,9120000,188589000,446201000,7209000,48332000,0,66171000,567913000,0,15152000,756502000,0,0,28000,-1297406000,1642478000,4458000,0,349558000,349558000,0,1106060000,233975000,461353000,18004000
"2025-11-02","PSTG","USD","0001474432","2025-12-10","2025-12-10 16:43:56","2026","Q3",852838000,678775000,1531613000,620959000,620959000,0,82421000,0,307891000,2542884000,760745000,364742000,9406999,374149000,19151000,0,521482000,1675527000,0,4218411000,128021999,128021999,0,244939000,43599000,0,0,1028636000,159827000,1605023000,0,181948000,931768000,0,96783000,1210499000,0,181948000,2815522000,0,0,2681966000,-1281083000,0,2005999,0,1402889000,1402889000,0,4218411000,697926000,225547000,-627291000
"2025-10-31","RBRK","USD","0001943896","2025-12-08","2025-12-08 16:06:05","2026","Q3",307100000,1295907000,1603007000,219687000,219687000,0,0,0,244003000,2066697000,66989000,199606000,0,199606000,0,0,215363000,481958000,0,2548655000,11857000,11857000,0,0,0,0,0,968167000,182820000,1162844000,1129627000,0,718380000,0,62212999,1910219999,0,0,3073064000,0,0,5000,-3099195000,2574825000,-44000,0,-524409000,-524409000,0,2548655000,1295907000,1129627000,822527000
"2025-10-31","RET-A.V","CAD","0000000000","2025-10-31","2025-10-31 00:00:00","2026","Q3",119397000,0,119397000,8015000,8015000,0,129603000,0,15251000,272266000,245697000,0,5670000,5670000,387000,22263000,0,274017000,0,546283000,75354000,75111000,243000,0,37127000,37127000,243000,10454000,-36935000,123127000,0,128226000,0,0,241000,128467000,0,165353000,251594000,0,0,31136000,251528000,11170000,855000,0,294689000,294689000,0,546283000,387000,165353000,45956000
"2025-10-31","RET.V","CAD","0000000000","2025-10-31","2025-10-31 00:00:00","2026","Q3",119397000,0,119397000,8015000,8015000,0,129603000,0,15251000,272266000,245697000,0,5670000,5670000,387000,22263000,0,274017000,0,546283000,75354000,75111000,243000,0,37127000,37127000,243000,10454000,-36935000,123127000,0,128226000,0,0,241000,128467000,0,165353000,251594000,0,0,31136000,251528000,11170000,855000,0,294689000,294689000,0,546283000,387000,165353000,45956000
"2025-10-31","ROOT.TO","CAD","0000000000","2025-10-31","2025-10-31 00:00:00","2026","Q3",7528000,0,7528000,12573000,11989000,584000,66582000,5598000,68000,92349000,87891000,7906000,129881000,137787000,300000,0,0,225978000,0,318327000,35783000,35783000,0,0,3535000,21237000,0,4747000,0,65302000,48132000,49807000,0,11162000,0,109101000,0,71044000,174403000,0,0,182189000,-43436000,5121000,50000,0,143924000,143924000,0,318327000,300000,122711000,115183000
"2025-10-31","RROTF","CAD","0000000000","2025-10-31","2025-10-31 00:00:00","2026","Q3",5370475,0,5370475,12573000,11989000,584000,66582000,5598000,-24241699,65881776,62701439,5640140,92657105,98297245,214020,0,0,161212705,0,227094481,25527592,25527592,0,0,3535000,21237000,0,4747000,10255408,65302000,48132000,49807000,0,11162000,0,109101000,0,71044000,124419100,0,0,129973632,-30987242,3653321,35670,0,102675381,102675381,0,227094481,214020,122711000,82171552
"2025-10-31","RTMAF","CAD","0000000000","2025-10-31","2025-10-31 00:00:00","2026","Q3",85177819,0,85177819,5717901,5717901,0,129603000,0,51767280,272266000,175280239,0,4044978,4044978,276085,15882424,78533274,274017000,0,546283000,53757543,53584187,173356,0,26486401,37127000,243000,10454000,-4697944,123127000,0,91476428,0,0,171929,91648357,0,128603428,251594000,0,0,22212422,179440075,7968678,609957,0,210231132,294689000,0,389718292,276085,165353000,45956000
"2025-10-31","RTMNF","CAD","0000000000","2025-10-31","2025-10-31 00:00:00","2026","Q3",85177819,0,85177819,5717901,5717901,0,129603000,0,51767280,272266000,175280239,0,4044978,4044978,276085,15882424,78533274,274017000,0,546283000,53757543,53584187,173356,0,26486401,37127000,243000,10454000,-4697944,123127000,0,91476428,0,0,171929,91648357,0,128603428,251594000,0,0,22212422,179440075,7968678,609957,0,210231132,210231132,0,546283000,276085,165353000,45956000
"2025-10-31","S","USD","0001583708","2025-12-04","2025-12-04 16:15:31","2026","Q3",151968000,499640000,649846000,198756000,198756000,0,0,0,108360000,956962000,80306000,911778000,140409000,1052187000,223779000,0,118735000,1475007000,0,2431969000,9634000,9634000,0,73201000,0,0,0,480996000,63794000,627625000,0,10343000,88470000,8079000,147530000,254422000,0,10343000,882047000,0,0,34000,-1967988000,3515181000,2695000,0,1549922000,1549922000,0,2431969000,723419000,10343000,-141625000
"2025-10-31","SAIC","USD","0001571123","2025-12-04","2025-12-04 12:25:08","2026","Q3",45000000,0,45000000,1045000000,0,1045000000,0,0,167000000,1257000000,270000000,2960000000,779000000,3739000000,0,0,157000000,4166000000,0,5423000000,627000000,627000000,0,0,12000000,0,0,0,411000000,1050000000,159000000,159000000,0,124000000,2578000000,2861000000,0,159000000,3911000000,0,0,0,1504000000,0,8000000,0,1512000000,1512000000,0,5423000000,0,171000000,126000000
"2025-10-31","SAIL","USD","0001627857","2025-10-31","2025-10-31 00:00:00","2026","Q3",298114000,0,298114000,284778000,215628000,69150000,0,29888000,56736000,669516000,38009000,5151668000,1438750000,6590418000,0,8074000,168788000,6805289000,0,7474805000,5198000,4234000,964000,34180000,0,5186000,964000,423554000,56946000,525064000,0,14059000,37271000,68821000,0,120151000,0,19245000,645215000,0,0,56000,-214584000,7044118000,0,0,6829590000,6829590000,0,7474805000,0,19245000,-278869000
"2025-11-30","SHAOF","USD","0000000000","2025-11-30","2025-11-29 19:00:00","2026","Q3",889965776,909795867,1799761643,184848207,184848207,0,503717607,0,22147977,2510475434,981759184,0,10334442,10334442,0,0,447454446,1439548072,0,3950023506,365054239,326245656,38808583,864405,0,0,0,0,169250499,535169143,0,0,0,0,70125656,70125656,0,0,605294799,-9034633,0,109401658,3084587623,119684876,40063571,6402,3344709498,3344709498,0,3950004297,909795867,0,-889965776
"2025-10-03","SHIM","USD","0001887944","2025-11-13","2025-11-13 16:09:46","2026","Q3",17597000,0,17597000,136335000,136335000,0,0,0,8389000,162321000,30751000,0,4735000,4735000,0,0,20682000,56168000,0,218489000,72331000,72331000,0,0,3446000,0,0,0,118884000,194661000,12880000,0,0,0,63604000,76484000,0,0,271145000,0,0,358000,-100902000,0,0,47888000,-52656000,-52656000,0,218489000,0,16326000,-1271000
"2025-11-01","SIG","USD","0000832988","2025-12-05","2025-12-05 16:06:18","2026","Q3",234700000,0,234700000,42400000,0,42400000,2111699999,0,177000000,2565800000,1552100000,428400000,291200000,719600000,0,286200000,287100000,2845000000,0,5410800000,702400000,656300000,46100000,0,293800000,0,42400000,350400000,365600000,1712200000,858500000,858500000,878400000,161300000,79600000,1977800000,0,858500000,3690000000,-1909800000,0,12600000,3749900000,116400000,-248700000,400000,1720800000,1720800000,0,5410800000,0,1152300000,917600000
"2025-10-31","SKIL","USD","0001774675","2025-12-10","2025-12-10 16:08:50","2026","Q3",74569000,0,74569000,103907000,0,0,0,0,52180000,230656000,0,296300000,346745000,643045000,0,0,23881000,666926000,0,897582000,0,20920000,0,0,6404000,0,0,196355000,70235000,272994000,570181000,0,0,37390000,0,607571000,0,0,620600000,0,0,1000,-1546502000,0,-13879000,1564368000,3988000,3988000,0,624588000,0,576585000,502016000
"2025-10-31","SKIL-WT","USD","0001774675","2025-12-10","2025-12-10 16:08:50","2026","Q3",74569000,0,74569000,103907000,0,0,0,0,52180000,230656000,0,296300000,346745000,643045000,0,0,23881000,666926000,0,897582000,0,20920000,0,0,6404000,0,0,196355000,70235000,272994000,570181000,0,0,37390000,0,607571000,0,0,620600000,0,0,1000,-1546502000,0,-13879000,1564368000,3988000,3988000,0,624588000,0,576585000,502016000
"2025-10-31","SLMXF","USD","0000000000","2025-10-31","2025-10-30 20:00:00","2026","Q3",641265,121704,762969,40802,0,40802,0,49538,0,853311,22398,0,0,0,0,0,1805298,1827696,0,2681007,0,0,0,0,7568,0,0,0,418399,425967,0,16102,0,0,0,16102,0,16102,442069,0,0,20191654,-18378142,0,425426,0,2238938,2238938,0,2681007,121704,23670,-617594
"2025-10-26","SMTC","USD","0000088941","2025-11-25","2025-11-25 16:05:32","2026","Q3",164700000,0,164700000,164800000,164800000,0,185700000,0,105700000,620900000,111000000,492100000,33200000,525300000,0,33800000,114900000,785000000,0,1405900000,75200000,75200000,0,0,0,0,0,0,179900000,255100000,490500000,0,0,500000,94000000,491000000,0,0,746100000,0,0,1043000,-406267000,0,-12796000,983676000,659800000,659800000,0,1405900000,0,490500000,325800000
"2025-10-31","SNBIF","USD","0000000000","2025-10-31","2025-10-30 20:00:00","2026","Q3",12371274,0,12371274,0,0,0,0,1725573,842475,14939322,257277,0,284896,284896,0,0,137168,679341,0,15618663,5887,0,5887,569247,1272236,0,0,0,981393,2828764,7150485,0,0,2444627,0,9595113,0,0,12423877,-7536,0,8023317,862147,32114293,-37797443,6.49099999666214,3194785,3194785,0,15618663,0,8422721,-3948553
"2025-10-31","SNOW","USD","0001640147","2025-12-05","2025-12-05 16:12:07","2026","Q3",1941657000,1411448000,3353105000,960245000,938145000,22100000,0,0,142219000,4455569000,520485000,1174960000,256579999,1431540000,1397307000,0,425290000,3774622000,0,8230191000,216954000,193691000,23263000,324021000,40208000,0,0,2423622000,378509000,3383314000,2277749000,367658000,10884000,0,57653000,2713944000,0,367658000,6097258000,-55714000,0,34000,-9034696000,11218186000,5123000,0,2132933000,2132933000,0,8230191000,2808755000,2685615000,743958000
"2025-10-31","STRG","USD","0001803096","2025-12-11","2025-12-11 13:25:33","2026","Q3",9,0,9,0,0,0,0,0,0,9,1109,0,0,0,0,0,0,1109,0,1118,244956,13999,230957,13889,138137,0,0,0,-258845,138137,0,0,0,0,258845,258845,0,0,396982,0,0,2868,-390746,35839,-6498,0,-358537,-395864,-37327,1118,0,138137,138128
"2025-09-30","SYDRF","CAD","0000000000","2025-09-30","2025-09-30 00:00:00","2026","Q3",1496733,0,2084587,1543159,1457693,85466,2810074,282781,0,6720601,2479986,0,2144060,2144060,204499,0,0,4828545,0,13445595,5352282,2727588,2624694,0,705896,1357492,2624694,290026,0,7705696,0,3367305,252640,669656,349107,4638708,0,4724797,12344404,0,0,5623778,-5268885,364394,71367,0,790655,790655,0,9653937,204499,5430693,2402504
"2025-10-31","TITN","USD","0001409171","2025-12-04","2025-12-04 16:16:33","2026","Q3",48790000,0,48790000,146732000,146732000,0,1010734000,0,21844000,1228100000,419331000,63906000,48448000,112354000,0,8901000,674000,541260000,0,1769360000,46290000,46290000,0,0,765628000,0,0,24130000,68007000,904055000,154780000,85441000,0,7380000,5077999,252678999,0,85441000,1156734000,0,0,0,342308000,0,4710000,265608000,612626000,612626000,0,1769360000,0,1005849000,62662000
"2025-11-01","TJX","USD","0000109198","2025-12-02","2025-12-02 11:19:44","2026","Q3",4640000000,0,4640000000,705000000,600000000,105000000,9353000000,0,616000000,15314000000,17965000000,95000000,0,95000000,0,0,1814000000,19874000000,0,35188000000,5937000000,5357000000,580000000,4776000000,2708000000,0,165000000,0,580000000,14001000000,1870000000,8616000000,0,239000000,1103000000,11828000000,0,8616000000,25829000000,0,0,1110000000,8720000000,0,-471000000,0,9359000000,9359000000,0,35188000000,0,13194000000,8554000000
"2025-11-30","TKSHF","USD","0000000000","2025-11-30","2025-11-29 19:00:00","2026","Q3",522958622,0,522958622,1366393797,1366393797,0,267382877,0,309296915,2466032211,4810958080,17697892,221268471,238966363,791750159,0,252944112,6094618714,0,8560650925,1003798310,966936239,36862071,0,150003081,0,0,727374397,905998888,2787174676,1259585354,762943062,0,0,520679154,2543207570,0,762943062,5330382246,-176274590,0,422758075,2289802442,240253366,264136556,15770588,3056446438,3230249470,173803032,8560631716,791750159,2172531497,1649572875
"2025-10-31","TTAN","USD","0001638826","2025-12-09","2025-12-09 16:36:54","2026","Q3",493448000,0,493448000,106649000,106649000,0,0,25343000,4701000,630141000,64413000,860250000,226583000,1086833000,417000,0,34766999,1186429999,0,1816571000,47347000,47347000,0,0,14269000,0,0,18793000,75199000,155608000,103592000,40234000,0,0,12217000,156043000,0,40234000,311651000,0,0,94000,-1223846000,2728672000,0,0,1504920000,1504920000,0,1816571000,417000,158095000,-335353000
"2025-10-31","URBN","USD","0000912615","2025-12-10","2025-12-10 16:34:18","2026","Q3",306600000,305133000,611733000,95990000,95990000,0,839793000,0,210480000,1757996000,2446902000,0,0,0,351843000,0,350281000,3149026000,0,4907022000,381752000,381752000,0,0,223867000,0,0,0,559458000,1165077000,0,960222000,0,0,77611000,1037833000,0,960222000,2202910000,0,0,9000,2721181000,0,-31489000,14411000,2704112000,2704112000,0,4907022000,656976000,1184089000,877489000
"2025-10-31","VEE.DE","USD","0001393052","2025-11-21","2025-11-21 16:07:12","2026","Q3",1660137000,4977164000,6637301000,371776000,371776000,0,0,0,102777000,7111854000,139956000,439877000,32650000,472527000,0,286966000,85848000,985297000,0,8097151000,38691000,32671000,6020000,41485000,10529000,0,6020000,822466000,31707000,944878000,0,79267000,0,367000,32007999,111641999,0,79267000,1056520000,0,0,2000,4119297000,2911418000,9914000,0,7040631000,7040631000,0,8097151000,4977164000,89796000,-1570341000
"2025-10-31","VEEV","USD","0001393052","2025-11-21","2025-11-21 16:07:12","2026","Q3",1660137000,4977164000,6637301000,371776000,371776000,0,0,0,102777000,7111854000,139956000,439877000,32650000,472527000,0,286966000,85848000,985297000,0,8097151000,38691000,32671000,6020000,41485000,10529000,0,6020000,822466000,31707000,944878000,0,79267000,0,367000,32007999,111641999,0,79267000,1056520000,0,0,2000,4119297000,2911418000,9914000,0,7040631000,7040631000,0,8097151000,4977164000,89796000,-1570341000
"2025-10-31","VIRC","USD","0000751365","2025-12-08","2025-12-08 16:31:18","2026","Q3",0,0,0,0,0,0,0,0,0,0,0,0,0,0,0,0,0,0,0,0,0,0,0,0,6655000,0,287000,0,17659000,24314000,31467000,0,0,0,12121000,43588000,0,0,67902000,0,0,0,-456000,0,220000,113871000,113635000,113635000,0,181537000,0,38122000,38122000
"2025-10-31","VPRIF","USD","0000000000","2025-10-31","2025-10-30 20:00:00","2026","Q3",102854,0,102854,109457,84126,25331,63416,17180,0,292909,4624,0,0,0,170230,0,0,174855,0,467764,92742,92742,0,15753,518930,0,0,0,916622,1544047,0,0,0,0,0,0,0,0,1544047,0,0,8921358,-11222481,0,1224840,0,-1076283,-1076283,0,467764,170230,518930,416075
"2025-11-01","VRA","USD","0001495320","2025-10-27","2025-10-27 16:54:42","2026","Q3",10729000,0,10729000,19358000,18966000,392000,82938000,0,9703000,122336000,116236000,0,0,0,0,0,5112000,121348000,0,243684000,14678000,14678000,0,8476000,0,19456000,0,0,6007000,48617000,10000000,56957000,0,0,47000,67004000,0,76413000,115621000,-156820000,0,0,169782000,115211000,-110000,0,128063000,128063000,0,243684000,0,86413000,75684000
"2025-10-31","VVC.V","CAD","0000000000","2025-10-31","2025-10-30 20:00:00","2026","Q3",80207,0,80207,9676,9676,0,0,11457,0,101340,1542622,0,0,0,34647614,0,0,36190236,0,36291576,33722,33722,0,0,2842394,0,0,4772759,3515364,11164239,0,0,0,987000,310809,1297810,0,0,12462049,0,0,47286340,-69162746,15471123,30234810,0,23829527,23829527,0,36291576,34647614,2842394,2762187
"2025-10-31","VVCVF","USD","0000000000","2025-10-31","2025-10-30 20:00:00","2026","Q3",57219,0,57219,6902,0,6902,0,8173,0,72295,1100506,0,0,0,24717607,0,0,25818114,0,25890410,24057,24057,0,0,2027763,0,0,3404886,2507862,7964568,0,0,0,704126,221731,925857,0,0,8890425,0,0,33734074,-49340702,11037099,21569513,0,16999984,16999984,0,25890410,24717607,2027763,1970544
"2025-10-31","WDAY","USD","0001327811","2025-11-26","2025-11-26 16:03:42","2026","Q3",2609000000,4234000000,6843000000,1750000000,1750000000,0,0,0,582000000,9175000000,1853000000,4263000000,549000000,4812000000,305000000,905000000,701000000,8576000000,0,17751000000,103000000,103000000,0,0,117000000,0,0,3871000000,926000000,5017000000,2986000000,690000000,70000000,0,109000000,3855000000,0,690000000,8872000000,-2706000000,0,0,-657000000,12311000000,-69000000,0,8879000000,8879000000,0,17751000000,4539000000,3793000000,1184000000
"2025-10-31","WFC.TO","CAD","0000000000","2025-10-31","2025-10-31 00:00:00","2026","Q3",13057716,0,13057716,8980285,8655953,324332,9151656,0,3769941,34959598,102042329,0,0,0,0,98126,836062798,938203253,0,973162851,21025517,18885930,2139587,0,261295992,0,2139587,10099658,0,292421167,405264509,0,0,14516538,0,419781047,0,0,712202214,0,0,24099401,184809071,370000,0,0,209278472,260960637,51682165,973162851,0,666560501,653502785
"2025-10-31","WFICF","CAD","0000000000","2025-10-31","2025-10-31 00:00:00","2026","Q3",9315374,0,9315374,8980285,8655953,324332,9151656,0,7512283,34959598,102042329,0,0,0,0,98126,836062798,938203253,0,694254377,21025517,18885930,2139587,0,261295992,0,2139587,10099658,0,292421167,405264509,0,0,14516538,0,419781047,0,0,712202214,0,0,17192512,131842791,263958,0,0,149299261,260960637,51682165,694254377,0,666560501,653502785
"2025-10-31","WMT","USD","0000104169","2025-12-03","2025-12-03 16:45:34","2026","Q3",10582000000,0,10582000000,12115000000,12115000000,0,65354000000,0,4869000000,92920000000,150840000000,28722000000,0,28722000000,0,0,16173000000,195735000000,0,288655000000,69064000000,67156000000,1908000000,31521000000,8401000000,2434000000,789000000,0,4312000000,115732000000,34445000000,19621000000,0,16345000000,6418000000,76829000000,0,22055000000,192561000000,0,0,797000000,101558000000,6863000000,-13124000000,0,96094000000,96400000000,306000000,288655000000,0,64901000000,54319000000
"2025-10-31","WMT.DE","USD","0000104169","2025-11-20","2025-11-20 06:58:46","2026","Q3",10582000000,0,10582000000,12115000000,12115000000,0,65354000000,0,4869000000,92920000000,150840000000,28722000000,0,28722000000,0,0,16173000000,195735000000,0,288655000000,69064000000,67156000000,1908000000,31521000000,8401000000,2434000000,789000000,0,4312000000,115732000000,34445000000,19621000000,0,16345000000,6418000000,76829000000,0,22055000000,192561000000,0,0,797000000,101558000000,6863000000,-13124000000,0,96094000000,96400000000,306000000,288655000000,0,64901000000,54319000000
"2025-10-31","WMT.NE","USD","0000104169","2025-11-20","2025-11-20 06:58:46","2026","Q3",10582000000,0,10582000000,12115000000,12115000000,0,65354000000,0,4869000000,92920000000,150840000000,28722000000,0,28722000000,0,0,16173000000,195735000000,0,288655000000,69064000000,67156000000,1908000000,31521000000,8401000000,2434000000,789000000,0,4312000000,115732000000,34445000000,19621000000,0,16345000000,6418000000,76829000000,0,22055000000,192561000000,0,0,797000000,101558000000,6863000000,-13124000000,0,96094000000,96400000000,306000000,288655000000,0,64901000000,54319000000
"2025-12-31","WRIT","USD","0001413547","2025-12-31","2025-12-30 19:00:00","2026","Q3",0,0,0,0,0,0,0,0,0,0,5055014,0,0,0,0,0,0,5055014,0,5055014,192105,192105,0,520000,1113090,0,0,0,680460,2505655,0,0,0,0,0,0,0,0,2505655,0,10750,4574,-8051657,10585692,0,0,2549359,2549359,0,5055014,0,1113090,1113090
"2025-10-31","YEXT","USD","0001614178","2025-12-08","2025-12-08 16:11:40","2026","Q3",139916000,0,139916000,62857000,0,0,0,0,40072000,242845000,88900000,110726000,89172000,199898000,0,0,24130000,312928000,0,555773000,0,0,0,0,18147000,0,0,154631000,49185000,221963000,65140000,65140000,400000,3600000,15331000,178638000,0,65140000,400601000,-190357000,0,158000,-673463000,1021190000,-2356000,0,155172000,155172000,0,555773000,0,83287000,-56629000
"2025-10-31","YORKF","CAD","0000000000","2025-10-31","2025-10-31 00:00:00","2026","Q3",698161,5446266,8612879,5131,0,3660,0,350293,0,8968303,3081365,0,0,0,506369,0,28750,3616484,0,12584787,0,0,0,0,0,0,0,0,1374,1374,0,0,0,0,0,0,0,0,1374,0,0,28077925,-16828265,0,0,1333200,12582860,12582860,0,12584787,8140609,0,-698161
"2025-10-31","ZM","USD","0001585521","2025-11-25","2025-11-25 16:02:47","2026","Q3",1227588000,6727428000,7955016000,417693000,417693000,0,0,154877000,12334000,8539920000,325721000,307295000,49330000,356625000,1077214000,746400000,344930999,2850890999,0,11390811000,66265000,12843000,53422000,147764000,20393000,0,0,1431802000,293199000,1959423000,0,28072000,12682000,0,103794000,144548000,0,28072000,2103971000,0,0,296000,5025586000,4250595000,10363000,0,9286840000,9286840000,0,11390811000,7780032000,48465000,-1179123000
"2025-09-30","ZOM","USD","0001684144","2025-11-04","2025-11-04 16:06:55","2026","Q3",7496000,45628000,53124000,3630000,3630000,0,5522000,0,2417000,64693000,23562000,0,40101000,40101000,0,0,2549000,66212000,0,130905000,1645000,1645000,0,0,705000,0,51000,0,6082000,8432000,0,0,0,435000,2350000,2785000,0,0,11217000,0,0,380973000,-295243000,0,193000,33765000,119688000,119688000,0,130905000,45628000,705000,-6791000