"date","symbol","reportedCurrency","cik","filingDate","acceptedDate","fiscalYear","period","netIncome","depreciationAndAmortization","deferredIncomeTax","stockBasedCompensation","changeInWorkingCapital","accountsReceivables","inventory","accountsPayables","otherWorkingCapital","otherNonCashItems","netCashProvidedByOperatingActivities","investmentsInPropertyPlantAndEquipment","acquisitionsNet","purchasesOfInvestments","salesMaturitiesOfInvestments","otherInvestingActivities","netCashProvidedByInvestingActivities","netDebtIssuance","longTermNetDebtIssuance","shortTermNetDebtIssuance","netStockIssuance","netCommonStockIssuance","commonStockIssuance","commonStockRepurchased","netPreferredStockIssuance","netDividendsPaid","commonDividendsPaid","preferredDividendsPaid","otherFinancingActivities","netCashProvidedByFinancingActivities","effectOfForexChangesOnCash","netChangeInCash","cashAtEndOfPeriod","cashAtBeginningOfPeriod","operatingCashFlow","capitalExpenditure","freeCashFlow","incomeTaxesPaid","interestPaid"
"2025-10-31","0A1O.L","USD","0001585521","2025-11-25","2025-11-25 16:02:47","2026","Q3",612873000,66511000,53404000,185282000,27022000,3546000,0,1579000,21897000,-315766000,629326000,-15009000,0,-1125917000,995195000,1363000,-144368000,0,0,0,-413706000,-413706000,479000,-413706000,0,0,0,0,-52349000,-466055000,-14000,18889000,1227588000,1208699000,629326000,-15009000,614317000,0,0
"2025-10-31","0A23.L","USD","0001412408","2025-11-12","2025-11-12 17:18:52","2026","Q3",4271000,7478000,57000,15959000,0,-11455000,0,1303000,0,-12298000,15467000,-3271000,0,0,0,-3395000,-6666000,0,0,0,0,0,0,0,0,0,0,0,-667000,-667000,-29000,8105000,106371000,98266000,15467000,-3271000,12196000,0,0
"2025-10-31","0HJF.L","USD","0000769397","2025-11-26","2025-11-26 16:03:09","2026","Q3",343000000,50000000,118000000,186000000,-432000000,-274000000,0,78000000,-236000000,174000000,439000000,-9000000,0,-313000000,230000000,-17000000,-109000000,0,0,0,-297000000,-297000000,62000000,-359000000,0,0,0,0,-48000000,-345000000,1000000,-14000000,1989000000,2003000000,439000000,-9000000,430000000,0,0
"2025-10-31","0HP1.L","USD","0001372612","2025-10-31","2025-10-30 20:00:00","2026","Q3",12065000,8983000,10118000,0,-33688000,-17668000,0,-7081000,-8939000,75566000,73044000,-11696000,7000,-29823000,34200000,0,-7312000,0,0,0,-66339000,-66339000,10514000,-76853000,0,-3750000,-3750000,0,-19745000,-89834000,-633000,-24735000,634818000,659553000,73044000,-1733000,71311000,0,0
"2025-11-30","0HTQ.L","USD","0001170010","2025-12-23","2025-12-23 10:02:45","2026","Q3",62215000,88483000,34194000,16106000,74572000,-590195000,21622000,0,643145000,977507000,1253077000,-139758000,0,-2989000,767000,3169000,-138811000,-1303071000,-1303071000,0,-203567000,-203567000,-8349000,-203567000,0,0,0,0,0,-1506638000,0,-392372000,912803000,1305175000,1253077000,-139758000,1113319000,0,0
"2025-10-31","0KB7.L","USD","0001660134","2025-12-03","2025-12-02 18:08:06","2026","Q3",43000000,24000000,4000000,0,-31000000,-47000000,0,1000000,15000000,178000000,218000000,-7000000,-53000000,-336000000,501000000,0,105000000,-508000000,-508000000,0,1000000,1000000,1000000,0,0,0,0,0,-46000000,-555000000,-1000000,-233000000,645000000,878000000,218000000,-4000000,214000000,0,0
"2025-10-31","0KKZ.L","USD","0001441816","2025-12-02","2025-12-02 16:19:32","2026","Q3",-2007000,9562000,447000,0,12289000,-66992999,0,4993000,74289000,131540000,151831000,-1678000,0,0,232660000,0,230982000,-10036000,-1715000,-8321000,-148100000,-148100000,533000,-148633000,0,0,0,0,-38496000,-196632000,772000,186953000,837170000,650206000,151831000,-1678000,150153000,6558000,486000
"2025-11-02","0KSA.L","USD","0001474432","2025-12-10","2025-12-10 16:43:56","2026","Q3",54806000,37785000,0,106185000,-320661000,-240908000,-17689000,18349000,-80413000,-256135000,-378020000,70954000,-4263000,186461000,-314895000,0,-61743000,98808000,98808000,0,101756000,101756000,-7153000,108909000,0,0,0,0,31682000,232246000,170506000,-37011000,852838000,889849000,-378020000,70954000,-307066000,0,0
"2025-11-01","0LCE.L","USD","0000109198","2025-12-02","2025-12-02 11:19:44","2026","Q3",1442000000,0,20000000,0,-299000000,-2000000,-2006000000,1254000000,455000000,369000000,1532000000,-531000000,0,-17000000,7000000,0,-541000000,0,0,0,-502000000,-502000000,92000000,-594000000,0,-473000000,-473000000,0,0,-975000000,-15000000,1000000,4640000000,4639000000,1532000000,-531000000,1001000000,0,0
"2025-10-31","0LO3.L","USD","0001393052","2025-11-21","2025-11-21 16:07:12","2026","Q3",236203000,0,18486000,0,-197707000,100783000,0,-171000,-298319000,135805000,192787000,-9889000,0,-933336000,447992000,0,-495233000,0,0,0,57699000,57699000,57699000,0,0,0,0,0,-25053000,32646000,-494000,-270294000,1660137000,1930431000,192787000,-6303000,186484000,0,0
"2025-10-31","0M18.L","USD","0001327811","2025-11-26","2025-11-26 16:03:42","2026","Q3",252000000,85000000,61000000,376000000,-256000000,-126000000,0,-7000000,-123000000,70000000,588000000,-38000000,-974000000,-241000000,2940000000,0,1687000000,0,0,0,-802000000,-802000000,0,-803000000,0,0,0,0,-124000000,-926000000,0,1349000000,2618000000,1269000000,588000000,-38000000,550000000,14000000,55000000
"2025-10-31","0M2Q.L","USD","0001614178","2025-12-08","2025-12-08 16:11:40","2026","Q3",6136000,9041000,0,12338000,5353000,2535000,0,-17545000,0,-52688000,-19820000,-515000,0,0,0,0,-515000,0,0,0,0,45059000,-321000,-14396000,0,0,0,0,-30679000,-30679000,407000,-50607000,158931000,209538000,-19820000,-515000,-20335000,0,0
"2025-11-30","0R0P.L","USD","0001070235","2025-12-19","2025-12-19 16:20:39","2026","Q3",13700000,4000000,0,6100000,-4259523,-24093799,0,9304788,10529488,-1357700,18182777,2148083,0,21700000,14300000,-59943974,-21795891,0,0,0,-2737131,-2737131,1295553,-4032684,0,0,0,0,0,-2737131,-303537,-6653782,284300000,290600000,18182777,-898453,17284324,0,0
"2025-11-01","0R18.L","USD","0000764478","2025-12-05","2025-12-05 16:57:48","2026","Q3",140000000,206000000,-8000000,31000000,-657000000,-100000000,-2186000000,1622000000,7000000,189000000,-99000000,-188000000,0,0,0,2000000,-186000000,-10000000,-10000000,0,-35000000,-35000000,0,-35000000,0,-199000000,-199000000,0,10000000,-234000000,-271000000,-790000000,923000000,1713000000,-99000000,-188000000,-287000000,0,0
"2025-10-31","0V9N.L","USD","0001571123","2025-10-31","2025-10-30 20:00:00","2026","Q3",78000000,38000000,-8000000,0,-1000000,-80000000,0,62000000,17000000,22000000,129000000,-9000000,-203000000,-4000000,1000000,0,-215000000,191000000,191000000,0,-91000000,-91000000,4000000,-95000000,0,-17000000,-17000000,0,0,83000000,0,-3000000,48000000,51000000,129000000,-9000000,120000000,0,0
"2025-10-31","0XNH.L","USD","0001261333","2025-12-05","2025-12-05 16:57:27","2026","Q3",83725000,30399000,-2347000,160642000,-40705000,707000,0,12477000,-53889000,58560000,290274000,-27374000,0,-109860000,99486000,0,-37748000,-15419000,0,-15419000,-196207000,-196207000,18850000,-215057000,0,0,0,0,-58835000,-270461000,1940000,-15995000,600291000,616286000,290274000,-27374000,262900000,0,0
"2025-10-31","0YU1.L","USD","0001280263","2025-12-04","2025-12-04 14:30:54","2026","Q3",-15107000,6514000,68000,25741000,-196000,669000,-5374000,8749000,-4240000,17294000,34314000,4565000,0,-18589000,16487000,-7467000,-5004000,0,0,0,3893000,3893000,4893000,-1000000,0,0,0,0,-1885000,2008000,0,31318000,174499000,143181000,34314000,0,34314000,544000,0
"2025-10-31","12DA.DE","USD","0001571996","2025-11-25","2025-11-25 16:10:47","2026","Q3",1548000000,0,0,0,0,0,0,0,0,-1548000000,0,0,0,-46000000,71000000,-642000000,-617000000,0,0,0,0,0,4000000,-1247000000,0,-351000000,0,0,1208000000,857000000,30000000,1442000000,9733000000,8291000000,0,0,0,0,0
"2025-10-31","5ZM.F","USD","0001585521","2025-11-25","2025-11-25 16:02:47","2026","Q3",612873000,66511000,53404000,185282000,27022000,3546000,0,1579000,21897000,-315766000,629326000,-15009000,0,-1125917000,995195000,1363000,-144368000,0,0,0,-413706000,-413706000,479000,-413706000,0,0,0,0,-52349000,-466055000,-14000,18889000,1227588000,1208699000,629326000,-15009000,614317000,0,0
"2025-11-30","8227.T","JPY","0000000000","2025-11-30","2025-11-29 19:00:00","2026","Q3",12246000000,1788000000,0,0,-2312000000,-11450000000,-22845000000,27388000000,4595000000,-3830000000,7892000000,-8812000000,0,-144999000000,130200000000,173000000,-23438000000,0,0,0,-4000000,-4000000,0,-4000000,0,-7331000000,-7331000000,0,-1000000,-7336000000,15000000,-22867000000,138992000000,161859000000,7892000000,-8458000000,-566000000,0,0
"2025-10-31","AAB.TO","CAD","0000000000","2025-10-31","2025-10-30 20:00:00","2026","Q3",738006,0,0,0,-316794,0,0,-321114,4320,-1183462,-762250,0,0,-151612,874095,0,722483,0,0,0,270,270,270,0,0,0,0,0,15000,15270,0,-24497,132452,156949,-762250,0,-762250,0,0
"2025-10-31","AABVF","USD","0000000000","2025-10-31","2025-10-30 20:00:00","2026","Q3",526493,0,0,0,-226000,0,0,-229082,3081,-844282,-543789,0,0,-108160,623579,0,515419,0,0,0,192.618,192.618,192.618,0,0,0,0,0,10700,10893,-1313,-18790,94491,113281,-543789,0,-543789,0,0
"2025-10-31","ADSK","USD","0000769397","2025-11-26","2025-11-26 16:03:09","2026","Q3",343000000,50000000,118000000,186000000,-432000000,-274000000,0,78000000,-236000000,174000000,439000000,-9000000,0,-313000000,230000000,-17000000,-109000000,0,0,0,-297000000,-297000000,62000000,-359000000,0,0,0,0,-48000000,-345000000,1000000,-14000000,1989000000,2003000000,439000000,-9000000,430000000,0,0
"2025-10-31","AGX","USD","0000100591","2025-12-04","2025-12-04 16:21:40","2026","Q3",30737000,-1646000,4954000,1860000,-5289000,4085000,0,11877000,-15848000,141877000,172493000,-583000,0,-85034000,30000000,18481000,-37136000,0,0,0,0,7048000,0,0,0,-7053000,0,0,-471000,-7524000,611000,128444000,306294000,177850000,172493000,-583000,171910000,0,0
"2025-10-31","AIR.V","CAD","0000000000","2025-10-31","2025-10-30 20:00:00","2026","Q3",-306303,2878,0,0,-71381,-67993,0,0,-3388,-35691,-410497,-425827,0,0,0,0,-425827,0,0,0,0,0,0,0,0,0,0,0,0,0,0,-836324,1643422,2479746,-410497,-3,-410500,0,0
"2025-10-31","ALOT","USD","0000008146","2025-11-06","2025-11-06 16:48:09","2026","Q3",377000,855000,-22000,754000,0,-1822000,3354000,659000,0,1457000,3421000,-86000,0,0,0,100000,14000,0,0,0,0,0,0,0,0,0,0,0,-3764000,-3764000,80000,-249000,3606000,3855000,3421000,-86000,3335000,0,0
"2025-10-31","AMBA","USD","0001280263","2025-12-04","2025-12-04 14:30:54","2026","Q3",-15107000,6514000,68000,25741000,-196000,669000,-5374000,8749000,-4240000,17294000,34314000,4565000,0,-18589000,16487000,-7467000,-5004000,0,0,0,3893000,3893000,4893000,-1000000,0,0,0,0,-1885000,2008000,0,31318000,174499000,143181000,34314000,0,34314000,544000,0
"2025-11-29","APOG","USD","0000006845","2026-01-07","2026-01-07 13:08:15","2026","Q3",16549000,12513000,-452000,3797000,41036000,8117000,-107000,-1298000,30040000,-44101000,29342000,-6488000,0,-350000,400000,1547000,-4891000,0,0,0,0,0,0,0,0,-5524000,0,0,-17255000,-22779000,117000,1789000,41315000,39526000,29342000,-6488000,22854000,0,0
"2025-10-31","ASAN","USD","0001477720","2025-12-02","2025-12-02 16:24:14","2026","Q3",-68433000,0,0,0,0,0,0,0,0,84605000,16172000,-669000,0,0,0,9945000,9276000,0,0,0,0,0,0,0,0,0,0,0,-26007000,-26007000,0,0,0,0,16172000,-669000,15503000,0,0
"2025-10-31","AUD.DE","USD","0000769397","2025-11-26","2025-11-26 16:03:09","2026","Q3",343000000,50000000,118000000,186000000,-432000000,-274000000,0,78000000,-236000000,174000000,439000000,-9000000,0,-313000000,230000000,-17000000,-109000000,0,0,0,-297000000,-297000000,62000000,-359000000,0,0,0,0,-48000000,-345000000,1000000,-14000000,1989000000,2003000000,439000000,-9000000,430000000,0,0
"2025-11-30","BB","USD","0001070235","2025-12-19","2025-12-19 16:20:39","2026","Q3",13700000,4000000,0,6100000,-4259523,-24093799,0,9304788,10529488,-1357700,18182777,2148083,0,21700000,14300000,-59943974,-21795891,0,0,0,-2737131,-2737131,1295553,-4032684,0,0,0,0,0,-2737131,-303537,-6653782,284300000,290600000,18182777,-898453,17284324,0,0
"2025-11-30","BB.TO","CAD","0001070235","2025-11-30","2025-11-29 19:00:00","2026","Q3",19112277,3348136,0,0,-5957374,-33697622,0,13013689,14726557,8927418,25430457,-3211145,0,-47397958,20125339,0,-30483764,0,0,0,-3828156,-3828156,1811962,-5640118,0,0,0,0,0,-3828156,6209798,-2671665,376811715,379483380,25430457,-1256577,24173880,0,0
"2025-11-01","BBY","USD","0000764478","2025-12-05","2025-12-05 16:57:48","2026","Q3",140000000,206000000,-8000000,31000000,-657000000,-100000000,-2186000000,1622000000,7000000,189000000,-99000000,-188000000,0,0,0,2000000,-186000000,-10000000,-10000000,0,-35000000,-35000000,0,-35000000,0,-199000000,-199000000,0,10000000,-234000000,-271000000,-790000000,923000000,1713000000,-99000000,-188000000,-287000000,0,0
"2025-10-31","BELMF","USD","0000000000","2025-10-31","2025-10-30 20:00:00","2026","Q3",-45579,516.5016,0,0,-165911,23247,0,0,-189159,0,-210975,-61515,0,0,0,0,-61515,0,0,0,0,0,0,0,0,0,0,0,0,0,-10318,-282808,606857,889665,-210975,0,-210973,0,0
"2025-10-31","BETR.CN","CAD","0000000000","2025-10-31","2025-10-30 20:00:00","2026","Q3",-409014,0,0,0,340972,-2382,0,0,343354,56175,-11867,0,0,0,0,0,0,-1762,0,-1762,0,0,0,0,0,0,0,0,0,-1762,-572,-14201,7962,22163,-11867,-3,-11870,0,0
"2025-10-31","BETRF","USD","0001464165","2025-10-31","2025-10-30 20:00:00","2026","Q3",-291790,0,0,0,243249,-1699,0,0,244948,40076,-8465,0,0,0,0,0,0,-1257,0,-1257,0,0,0,0,0,0,0,0,0,-1257,-592,-10315,5680,15996,-8465,0,-8468,0,0
"2025-10-31","BKM.V","CAD","0000000000","2025-10-31","2025-10-31 00:00:00","2026","Q3",-66844,11173,0,0,5443,-1521,0,-27701,34665,1830,-48398,-15195,0,0,0,0,-15195,-11655,-11655,0,0,0,0,0,0,0,0,0,0,-11655,0,-75248,142929,218177,-48398,0,-48398,0,0
"2025-10-31","BOX","USD","0001372612","2025-12-03","2025-12-03 16:07:08","2026","Q3",12065000,8983000,10118000,59308000,-33688000,-17668000,0,-7081000,-8939000,16258000,73044000,-11696000,7000,-29823000,34200000,0,-7312000,0,0,0,-66339000,-66339000,10514000,-76853000,0,-3750000,-3750000,0,-19745000,-89834000,-633000,-24735000,634818000,659553000,73044000,-1733000,71311000,0,0
"2025-10-31","BRZE","USD","0001676238","2025-12-10","2025-12-09 17:42:30","2026","Q3",-35800000,10313000,0,37828000,2564000,-2050000,0,2514000,0,6062000,20967000,-1942000,-689000,-36804000,34959000,-1255000,-5731000,0,0,0,0,-8083000,-8083000,0,0,0,0,0,1082000,1082000,-207000,16111000,101811000,85700000,20967000,-1942000,19025000,0,0
"2025-10-31","CGNT","USD","0001824814","2025-12-09","2025-12-09 07:07:13","2026","Q3",-3381000,3146000,14000,5543000,1744000,1861000,631000,0,-748000,17906000,24972000,-2195000,0,0,-14000,562000,-1647000,-77000,-77000,0,-1268000,-1268000,0,-1268000,0,0,0,0,0,-1345000,19000,21999000,106586000,84587000,24972000,-2195000,22777000,0,0
"2025-10-31","CHPT","USD","0001777393","2025-12-05","2025-12-05 16:21:40","2026","Q3",-52479000,6715000,0,15455000,-21020000,-1301000,2914000,-11798000,-11751000,28841000,-22488000,-1062000,0,0,0,0,-1062000,0,0,0,799000,799000,799000,0,0,0,0,0,9202000,10001000,-60000,-13609000,180914000,194523000,-22488000,-1062000,-23550000,0,0
"2025-10-31","CLRMF","USD","0000000000","2025-10-31","2025-10-30 20:00:00","2026","Q3",-218516,2053,0,0,-50923,-48506,0,0,-2416,-25462,-292848,-303784,0,0,0,0,-303784,0,0,0,0,0,0,0,0,0,0,0,0,0,-20757,-617389,1172417,1789806,-292848,0,-292850,0,0
"2025-10-31","CNOBF","USD","0000000000","2025-10-31","2025-10-30 20:00:00","2026","Q3",-454212,51.3648,0,0,21707,-3161,0,0,24868,2101,-430352,0,0,0,0,0,0,0,0,0,1629892,1629892,1629892,0,0,0,0,0,-28536,1601356,-7794,1163210,1835461,672251,-430352,0,-430351,0,0
"2025-10-31","CONXF","USD","0000000000","2025-10-31","2025-10-31 00:00:00","2026","Q3",645476,0,408943,56716,20849,72191,0,0,-51342,-998564,133420,0,1367975,0,0,0,1367975,-10083,-10083,0,-25494,-25494,0,-25494,0,0,0,0,-1946,-37523,0,1463872,9482181,8018309,1491095,-3.5369070970918983,1491091,0,88990
"2025-10-31","CRM","USD","0001108524","2025-12-04","2025-12-03 18:47:15","2026","Q3",2086000000,851000000,0,819000000,-1725000000,123000000,0,0,-1848000000,285000000,2316000000,-139000000,-978000000,-1489000000,3125000000,0,519000000,-160000000,-160000000,0,-3801000000,-3801000000,0,-3801000000,0,-395000000,-395000000,0,112000000,-4244000000,22000000,-1387000000,8978000000,10365000000,2316000000,-139000000,2177000000,0,0
"2025-10-31","CRM.BA","USD","0001108524","2025-10-31","2025-10-31 00:00:00","2026","Q3",2086000000,851000000,0,819000000,-1725000000,123000000,0,0,-1848000000,285000000,2316000000,-139000000,-978000000,-1489000000,3125000000,0,519000000,-160000000,-160000000,0,-3801000000,-3801000000,0,-3801000000,0,-395000000,-395000000,0,112000000,-4244000000,22000000,-1387000000,8978000000,10365000000,2316000000,-139000000,2177000000,133000000,28000000
"2025-10-31","CRM.NE","USD","0000000000","2025-10-31","2025-10-31 00:00:00","2026","Q3",2086000000,851000000,0,819000000,-1725000000,123000000,0,0,-1848000000,1215425567,3246425567,-139000000,-978000000,-1489000000,3125000000,0,519000000,-224278104,-224278104,0,-4992991309,-4992991309,335015419,-5328006728,0,-553686571,-553686571,0,-178020747,-5948976731,493207039,-1481842023,10089711241,11571553264,3246425567,-194841603,3051583964,133000000,28000000
"2025-10-31","CRWD","USD","0001535527","2025-12-03","2025-12-02 21:47:01","2026","Q3",-33997000,48788000,-3042000,281971000,-39890000,-125812000,0,3683000,82239000,143711000,397541000,-100165000,-376414000,-8850000,349000,-1314000,-486394000,0,0,0,273000,273000,273000,0,0,0,0,0,0,273000,-82773000,-171353000,4801083000,4972436000,397541000,-83395000,314146000,0,0
"2025-10-31","CRYBF","USD","0000000000","2025-10-31","2025-10-30 20:00:00","2026","Q3",-346840,102997,0,0,-683340,-5176,0,0,-678163,118995,-808188,-35516,0,0,0,0,-35516,-606644,-284128,-322515,-238612,-238612,-238612,0,0,0,0,0,1775803,930547,-5408,81435,323641,242206,-808188,0,-808189,0,0
"2025-10-31","CXM","USD","0001569345","2025-12-04","2025-12-04 16:06:36","2026","Q3",2904000,4778000,4815000,20381000,-7579000,52445000,0,-5769000,-54255000,-5338000,19961000,-185000,0,-94250000,153347000,-4257000,54655000,-6185000,0,-6185000,-10473000,-10473000,945000,-11418000,0,0,0,0,6185000,-10473000,83000,64226000,198057000,133831000,19961000,-185000,19776000,0,0
"2025-09-30","CXXI.CN","USD","0000000000","2025-09-30","2025-09-30 00:00:00","2026","Q3",-481672,603273,0,50449,-260220,111857,-481665,-25464,135052,571170,483000,-9900,0,0,0,25000,15100,-318893,-318893,0,-4145,-4145,0,-4145,0,0,0,0,-44130,-367168,9632,140564,2795772,2655208,483000,-9900,473100,500000,52630
"2025-09-30","CXXIF","USD","0000831609","2025-11-12","2025-11-12 06:24:30","2026","Q3",-481672,603273,0,50449,-258844,111120,-477468,-26191,133695,569794,483000,-9900,0,0,0,25000,15100,-323713,-323713,0,-32145,-32145,0,-32145,0,0,0,0,-11310,-367168,9632,140564,2795772,2655208,483000,-9900,473100,500000,52630
"2025-09-30","DBKSF","USD","0000000000","2025-09-30","2025-09-30 00:00:00","2026","Q3",-2102205,-1000,0,798402,-56636,0,0,0,-56636,754519,-606920,-603220,0,0,0,0,-603220,-28000,0,-28000,-263118,-263118,-263118,0,0,0,0,0,-16367,-307485,-2434,-1520136,545864,2066000,-606920,-603220,-1210140,0,0
"2025-09-30","DC","USD","0001852353","2025-11-13","2025-11-13 13:07:34","2026","Q3",-10492837,46572,0,1009078,-344744,0,0,11174,-344744,-117011,-9898942,-280386,0,0,0,0,-280386,0,0,0,0,992865,992865,0,0,0,0,0,995252,995252,235114,-8948962,33022053,41971015,-9776267,-110891,-9887158,0,0
"2025-09-30","DC-WT","USD","0001852353","2025-11-13","2025-11-13 13:07:34","2026","Q3",-10492837,46572,0,1009078,-344744,0,0,11174,-344744,-117011,-9898942,-280386,0,0,0,0,-280386,0,0,0,0,992865,992865,0,0,0,0,0,995252,995252,235114,-8948962,33022053,41971015,-9776267,-110891,-9887158,0,0
"2025-10-31","DELL","USD","0001571996","2025-12-09","2025-12-09 16:07:24","2026","Q3",1548000000,756000000,112000000,165000000,-1457000000,2175000000,206000000,-3696000000,-142000000,48000000,1172000000,-669000000,0,-46000000,71000000,27000000,-617000000,2525000000,2525000000,0,-1265000000,-1265000000,4000000,-1269000000,0,-351000000,-351000000,0,-52000000,857000000,30000000,1442000000,9733000000,8291000000,1172000000,-669000000,503000000,0,0
"2025-10-31","DLMAF","CAD","0000000000","2025-10-31","2025-10-31 00:00:00","2026","Q3",321724000,130842000,-11113000,3712000,-18885838,-3898017,-59102336,10994207,33120308,-68168771,358110391,-62744000,-25470000,0,0,-17839330,-106053330,-311520000,-329852000,18332000,-352522329,-352522329,426000,-494570000,0,-20921881,-20921881,0,89255949,-595708261,-5752116,-349403316,146618681,496021997,358110391,-48975623,309134768,96616000,26202000
"2025-10-31","DOCU","USD","0001261333","2025-12-05","2025-12-05 16:57:27","2026","Q3",83725000,30399000,-2347000,160642000,-40705000,707000,0,12477000,-53889000,58560000,290274000,-27374000,0,-109860000,99486000,0,-37748000,-15419000,0,-15419000,-196207000,-196207000,18850000,-215057000,0,0,0,0,-58835000,-270461000,1940000,-15995000,600291000,616286000,290274000,-27374000,262900000,0,0
"2025-10-31","DOL.TO","CAD","0000000000","2025-10-31","2025-10-31 00:00:00","2026","Q3",321724000,130842000,-11113000,3712000,-26473000,-5463000,-82846000,15410000,46426000,83285000,501977000,-62744000,-25470000,0,0,-60445000,-148659000,-231704000,-250036000,18332000,-494144000,-494144000,426000,-494570000,0,-29327000,-29327000,0,-79852000,-835027000,0,-481709000,205521000,687230000,501977000,-68949000,364690000,96616000,26202000
"2025-10-31","DOMO","USD","0001505952","2025-12-09","2025-12-08 19:43:27","2026","Q3",-10388000,2636000,0,0,-7936000,-4942000,0,4796000,-7790000,19072000,3384000,-2292000,0,0,0,0,-2292000,329000,0,329000,-475000,-475000,653000,-1128000,0,0,0,0,0,-146000,-215000,731000,47874000,47143000,3384000,-2292000,1092000,0,0
"2025-10-31","DSG.TO","USD","0000000000","2025-10-31","2025-10-31 00:00:00","2026","Q3",43899000,22172000,3591000,5941000,-2248000,-6882000,0,-21000,4655000,5000,73360000,-1196000,-37016000,0,0,0,-38212000,0,0,0,2957000,2957000,2957000,0,0,0,0,0,0,2957000,53000,38158000,278790000,240632000,73360000,-1196000,72164000,19417000,0
"2025-10-25","DY","USD","0000067215","2025-11-20","2025-11-20 08:50:52","2026","Q3",106366000,62159000,17404000,7986000,17577000,-41912000,4566000,31112000,23811000,8535000,220027000,-55215000,-10900000,0,0,18525000,-47590000,-90000000,-90000000,0,0,32097000,0,2009000,0,0,0,0,-788000,-90788000,0,81649000,111813000,30164000,220027000,-55215000,164812000,1938000,18589000
"2025-11-30","EBF","USD","0000033002","2026-01-07","2026-01-07 09:13:23","2026","Q3",10826000,4290000,0,583000,15372000,5903000,2012000,-6906000,0,-14637000,16434000,-719000,0,0,0,-3980000,-4699000,0,0,0,0,8553000,0,-5903000,0,-6434000,0,0,-5904000,-12338000,0,-603000,31283000,31886000,16434000,-719000,15715000,0,0
"2025-10-31","EREPF","USD","0000000000","2025-10-31","2025-10-30 20:00:00","2026","Q3",-60973,0,0,0,7375,0,0,0,7375,37637,-15960,-21090,0,0,0,0,-21090,14666,0,14666,0,0,0,0,0,0,0,0,0,14666,16698,-5686,92325,98011,-15960,0,-15958,0,0
"2025-10-31","ESSI","USD","0001490873","2025-12-09","2025-12-09 15:53:56","2026","Q3",-245859,0,0,0,0,0,0,70854,0,147373,-98486,0,0,0,0,0,0,0,0,0,0,0,0,0,0,0,0,0,97302,97302,0,-1184,1914,3098,-98486,0,-98486,0,0
"2025-10-31","FNAUF","CAD","0000000000","2025-10-31","2025-10-31 00:00:00","2026","Q3",-56891,0,0,10465,55443,-1288,0,0,56731,6520,15537,-98751,0,0,0,-39673,-138424,-52767,0,-52767,140539,140539,140539,0,0,0,0,0,35262,123034,0,147,881.7624000000001,786.0075299999999,15537,-138424,-122887,0,0
"2025-10-31","FOO.DE","USD","0000000000","2025-10-31","2025-10-31 00:00:00","2026","Q3",2086000000,851000000,0,819000000,-1725000000,123000000,0,0,-1848000000,285000000,2316000000,-139000000,-978000000,-1489000000,3125000000,0,519000000,-160000000,-160000000,0,-3801000000,-3801000000,0,-3801000000,0,-395000000,-395000000,0,112000000,-4244000000,22000000,-1387000000,8978000000,10365000000,2316000000,-139000000,2177000000,133000000,28000000
"2025-10-31","FOO.F","USD","0000000000","2025-10-31","2025-10-31 00:00:00","2026","Q3",2086000000,851000000,0,819000000,-1725000000,123000000,0,0,-1848000000,285000000,2316000000,-139000000,-978000000,-1489000000,3125000000,0,519000000,-160000000,-160000000,0,-3801000000,-3801000000,0,-3801000000,0,-395000000,-395000000,0,112000000,-4244000000,22000000,-1387000000,8978000000,10365000000,2316000000,-139000000,2177000000,133000000,28000000
"2025-11-01","GCO","USD","0000018498","2025-12-11","2025-12-11 10:42:06","2026","Q3",5356000,13361000,149000,3168000,8985000,-1867000,-58290000,21282000,0,-43923000,-12904000,-18605000,0,0,0,0,-18605000,0,0,0,0,13061000,0,13061000,0,0,0,0,17549000,17549000,5000,-13955000,27034000,40989000,-12904000,-18605000,-31509000,0,0
"2025-11-01","GES","USD","0000912463","2025-12-05","2025-12-05 16:46:27","2026","Q3",0,18916000,0,0,0,0,0,0,0,-58372000,-39456000,0,0,0,0,-25485000,-25485000,0,0,0,0,0,0,0,0,-32016000,0,0,62629000,30613000,-1063000,-35391000,155056000,190447000,-39456000,-60277000,-39456000,0,0
"2025-10-31","GTLB","USD","0001653482","2025-12-03","2025-12-02 17:43:06","2026","Q3",-8276000,2884000,0,0,-30695000,-23472000,0,-2302000,-4921000,67515000,31428000,-3038000,0,-314385000,241641000,0,-75782000,0,0,0,8182000,8182000,8182000,0,0,0,0,0,-529000,7653000,-438999,-37139999,224231000,261370999,31428000,-3038000,28390000,0,0
"2025-10-31","HAR.V","CAD","0000000000","2025-10-31","2025-10-30 20:00:00","2026","Q3",-267549,9969,-31399,0,-282539,-135311,0,0,-147228,-96758,-668276,-77096,0,0,0,0,-77096,0,0,0,0,0,0,0,0,0,0,0,-10284,-10284,0,-755655,1299310,2054965,-668276,-4,-668280,0,0
"2025-11-30","HBBHF","USD","0000000000","2025-11-30","2025-11-29 19:00:00","2026","Q3",11829246,64365014,0,0,-33400223,0,0,-42910010,9509786,-3363217,39430820,-69699773,1275703,0,0,0,-68424070,72135206,0,72135206,0,0,0,0,0,0,0,0,-31660629,40474577,-2901158,8580169,453570403,444990234,39430820,-63089312,-23658492,0,0
"2025-11-30","HBH.DE","EUR","0000000000","2025-11-30","2025-11-29 19:00:00","2026","Q3",10200000,55500000,0,0,-28800000,0,0,-37000000,8200000,-2900000,34000000,-60100000,1100000,0,0,0,-59000000,62200000,0,62200000,0,0,0,0,0,0,0,0,-27300000,34900000,300000,10200000,391100000,380900000,34000000,-54400000,-20400000,0,0
"2025-11-30","HBH3.SW","EUR","0000000000","2025-11-30","2025-11-29 19:00:00","2026","Q3",10200000,55500000,0,0,-28800000,0,0,-37000000,8200000,-2900000,34000000,-60100000,1100000,0,0,0,-59000000,62200000,0,62200000,0,0,0,0,0,0,0,0,-27300000,34900000,300000,10200000,391100000,380900000,34000000,-54400000,-20400000,0,0
"2025-10-31","HPYCF","CAD","0000000000","2025-10-31","2025-10-31 00:00:00","2026","Q3",843668,0,0,0,-112668,-40758,0,0,-71910,-946402,-215402,-1045497,0,0,0,0,-1045497,0,0,0,2735638,2735638,2735638,0,0,0,0,0,-17835,2717803,-203,1456701,1474161,17460,-301938,-1465514,-1767452,0,0
"2025-10-31","HQY","USD","0001428336","2025-12-03","2025-12-03 16:04:09","2026","Q3",51692000,38780000,12023000,20542000,15267000,-79000,0,-7484000,22830000,271000,138575000,-784000,0,0,0,-10597000,-11381000,-25000000,-25000000,0,-97421000,-97421000,-4997000,-92424000,0,0,0,0,25000,-122396000,0,4798000,309259000,304461000,138575000,-784000,137791000,0,0
"2025-10-31","HRFEF","USD","0000000000","2025-10-31","2025-10-30 20:00:00","2026","Q3",-190869,7111,-22400,0,-201563,-96530,0,0,-105032,-69027,-476748,-55000,0,0,0,0,-55000,0,0,0,0,0,0,0,0,0,0,0,-7336,-7336,-17200,-556285,926927,1483212,-476748,0,-476750,0,0
"2025-09-30","IBATF","USD","0000000000","2025-09-30","2025-09-30 00:00:00","2026","Q3",2978000,772000,0,413000,-181932,-70231,0,13212,-124913,-6378807,-2397739,-7087,0,0,0,0,-7087,0,0,0,4763909,4763909,4763909,0,0,0,0,0,26828,4790737,-12728,2373182,9423000,7025000,-2427000,-8000,-2435000,0,0
"2025-10-31","IHT","USD","0000082473","2025-12-15","2025-12-15 17:28:04","2026","Q3",-351993,191601,0,6480,8809,8787,0,-65863,65885,0,-145103,415091,-38546,-38546,0,-501505,-163506,115761,115761,0,0,0,0,0,0,-77,-77,0,0,115684,0,-192925,14016,206941,-145103,415091,269988,0,0
"2025-11-01","IOT","USD","0001642896","2025-12-09","2025-12-09 16:12:13","2026","Q3",7766000,6075000,0,77843000,-29986000,-20790000,-11216000,13218000,-11198000,2006000,63704000,-7859000,0,-221178000,181770000,-1000000,-48267000,0,0,0,8000,8000,-18737000,0,0,0,0,0,-147000,-139000,-427000,14871000,296380000,281509000,63704000,-7859000,55845000,0,0
"2025-10-31","KCRD","USD","0001696025","2025-12-22","2025-12-19 19:04:10","2026","Q3",-44881,2983,0,0,0,-481,0,16951,1314,66416,24518,0,0,0,0,0,0,0,0,0,0,0,0,0,0,0,0,0,-24105,-24105,0,413,9698,9285,24518,0,24518,0,0
"2025-11-30","KMX","USD","0001170010","2025-12-23","2025-12-23 10:02:45","2026","Q3",62215000,88483000,34194000,16106000,74572000,-590195000,21622000,0,643145000,977507000,1253077000,-139758000,0,-2989000,767000,3169000,-138811000,-1303071000,-1303071000,0,-203567000,-203567000,-8349000,-203567000,0,0,0,0,0,-1506638000,0,-392372000,912803000,1305175000,1253077000,-139758000,1113319000,0,0
"2025-10-31","LAKE","USD","0000798081","2025-12-09","2025-12-09 16:46:02","2026","Q3",-15955000,72138,12316243,953329,0,1251160,5495495,-2608117,-1377000,-480551,-3093841,2553791,-6165000,0,0,5652000,2040791,0,0,0,0,0,0,0,0,-2285,0,0,-1042208,-1044493,401685,-555000,17194000,17749000,-3093841,2553791,-540050,0,0
"2025-10-31","LBSR","USD","0001172178","2025-12-12","2025-12-12 11:09:47","2026","Q3",-559640,1618,0,296412,-9229,0,0,-19199,9970,79328,-191511,0,0,0,0,0,0,87703,-265247,352950,338978,338978,338978,0,0,0,0,0,-112192,314489,0,122978,436521,313543,-191511,0,-191511,0,38059
"2025-10-31","LPP.WA","PLN","0000000000","2025-10-31","2025-10-31 00:00:00","2026","Q3",255000000,530000000,0,0,1380000000,813000000,422000000,162000000,-17000000,-149000000,2016000000,-938000000,0,0,0,34000000,-904000000,-165000000,-165000000,0,0,0,0,0,0,-613000000,-613000000,0,-258000000,-1036000000,6000000,82000000,693000000,611000000,2016000000,-938000000,1078000000,0,0
"2025-10-31","LPPSY","USD","0000000000","2025-10-31","2025-10-30 20:00:00","2026","Q3",-4937816,145391277,0,0,366884522,216462168,110637424,44246878,-4461948,36981013,544318996,-256754685,4983044,0,0,4288298,-247483343,-38809792,0,-38809792,0,0,0,0,0,-166920549,-166920549,0,-71722470,-277452811,4790542,24173384,187804878,163631494,544318996,-256754686,287564310,0,0
"2025-10-31","MAMA","USD","0001520358","2025-12-08","2025-12-08 16:08:35","2026","Q3",540000,1716000,-109000,533000,3454000,-582000,1492000,3729000,0,-2268000,3866000,-194000,-17500000,0,0,0,-17694000,0,0,0,0,0,18927000,0,0,0,0,0,22512000,22512000,0,8684000,18068000,9384000,3866000,-194000,3672000,0,0
"2025-10-31","MDB","USD","0001441816","2025-12-02","2025-12-02 16:19:32","2026","Q3",-2007000,9562000,447000,0,12289000,-66992999,0,4993000,74289000,131540000,151831000,-1678000,0,0,232660000,0,230982000,-10036000,-1715000,-8321000,-148100000,-148100000,533000,-148633000,0,0,0,0,-38496000,-196632000,772000,186953000,837170000,650206000,151831000,-1678000,150153000,6558000,486000
"2025-10-31","MMMB","USD","0001520358","2025-12-08","2025-12-08 16:08:35","2026","Q3",540000,1716000,-109000,533000,3454000,-582000,1492000,3729000,0,-2268000,3866000,-194000,-17500000,0,0,0,-17694000,0,0,0,0,0,18927000,0,0,0,0,0,22512000,22512000,0,8684000,18068000,9384000,3866000,-194000,3672000,0,0
"2025-10-31","MMMRF","CAD","0000000000","2025-10-31","2025-10-31 00:00:00","2026","Q3",-102370,0,0,0,-17653,-10647,0,0,-7006,34399,-85624,0,0,0,0,0,0,3147,0,3147,222937,222937,222937,0,0,0,0,0,0,226085,-4129,136332,492353,356021,-85624,0,-85622,0,0
"2025-10-31","MNAO","USD","0001710495","2025-12-19","2025-12-19 17:11:22","2026","Q3",20459,0,0,-112500,0,0,0,300,0,93824,1783,0,0,0,0,0,0,0,0,0,0,0,0,0,0,0,0,0,-1783,-1783,0,0,0,0,1783,0,1783,0,0
"2025-10-31","MOV","USD","0000072573","2025-11-25","2025-11-25 09:32:25","2026","Q3",9661000,2382000,1209000,-2234000,25716000,-2548000,44369000,-8609000,-5912000,-24452000,12282000,-686000,0,0,0,-857000,-1543000,0,0,0,0,1594000,0,1594000,0,-7749000,-7749000,0,-7000,-7756000,408000,3391000,184684000,181293000,12282000,-686000,11596000,0,0
"2025-11-01","MRVL","USD","0001835632","2025-12-03","2025-12-03 16:04:43","2026","Q3",1901300000,315900000,7000000,152100000,32100000,-94700000,35200000,-11000000,102600000,-1826100000,582300000,-73500000,0,0,0,2464700000,2391200000,54300000,54300000,0,-1300000000,-1300000000,0,-1300000000,0,-50800000,-50800000,0,-186900000,-1483400000,0,1490100000,2714500000,1224400000,582300000,-73500000,508800000,0,0
"2025-10-31","MSB","USD","0000065172","2025-12-12","2025-12-12 16:31:05","2026","Q3",5203295,0,0,0,4894692,4845834,0,0,48858,749670,10847657,0,0,0,0,0,0,0,0,0,0,0,0,0,0,-83180863,0,0,156128120,72947257,0,1942732,23191923,21249191,10847657,0,10847657,0,0
"2025-10-31","MTH.V","CAD","0000000000","2025-10-31","2025-10-30 20:00:00","2026","Q3",-102370,0,0,0,-17653,-10647,0,0,-7006,0,-120023,0,0,0,0,0,0,4412,0,4412,312500,312500,312500,0,0,0,0,0,0,316912,0,196889,690151,493262,-120023,3,-120020,0,0
"2025-10-31","NCNO","USD","0001902733","2025-12-03","2025-12-03 17:16:50","2026","Q3",6539000,10591000,-1424000,0,-35614000,11243000,0,-1557000,-45300000,24979000,5071000,-174000,0,0,0,0,-174000,-421000,-421000,0,-39210000,-39210000,272000,-39482000,0,0,0,0,0,-39631000,-609000,-35343000,87724000,123067000,5071000,-174000,4897000,0,0
"2025-10-31","NKL.V","USD","0000000000","2025-10-31","2025-10-31 00:00:00","2026","Q3",645476,0,408943,56716,29444,99882,0,0,-70438,-1007159,133420,0,1367975,0,0,0,1367975,-10083,-10083,0,-35736,-35736,0,-35736,0,0,0,0,8296,-37523,0,1463872,13285957,11085713,2090124,-4.957817629678175,2090120,0,88990
"2025-10-31","NNWWF","CAD","0000000000","2025-10-31","2025-10-31 00:00:00","2026","Q3",41073000,30172000,13078000,-1249000,-17478000,0,0,0,-17478000,-31446256,34149744,-33326000,0,0,0,7816957,-25509043,23689873,23689873,0,-3567000,-3567000,0,-3567000,0,-13981213,-13981213,0,-4748390,1393270,-245231,9788740,59234315,49445575,34149744,-23774768,10374976,0,0
"2025-10-31","NRM.V","CAD","0000000000","2025-10-31","2025-10-30 20:00:00","2026","Q3",-440022,13204,0,0,214259,-3367,0,0,217626,3113,-209446,38161,0,0,0,0,38161,0,0,0,0,0,0,0,0,0,0,0,2173,2173,0,-169112,3532,172644,-209446,-4,-209450,0,0
"2025-10-31","NRVTF","USD","0000000000","2025-10-31","2025-10-30 20:00:00","2026","Q3",-313911,9419,0,0,152852,-2402,0,0,155254,2222,-149418,27224,0,0,0,0,27224,0,0,0,0,0,0,0,0,0,0,0,1550,1550,-1445,-122089,2519,124609,-149418,0,-149421,0,0
"2025-10-31","NTRR","USD","0001512886","2025-10-31","2025-10-30 20:00:00","2026","Q3",-341318,1267,0,0,-553686,-115910,0,-417282,-20494,905313,11576,0,0,0,0,3605,3605,5887,0,5887,0,0,0,0,0,0,0,0,0,5887,-36357,-15289,35582,50871,11576,3.0000000001000444,11580,0,0
"2025-10-26","NVD.DE","USD","0001045810","2025-11-19","2025-11-19 16:36:17","2026","Q3",31910000000,751000000,125000000,1654000000,2368000000,-5582000000,-4823000000,-223000000,12996000000,-13057000000,23751000000,-1636000000,-693000000,-9425000000,2730000000,0,-9024000000,0,0,0,-12456000000,-12456000000,0,-12456000000,0,-244000000,-244000000,0,-2180000000,-14880000000,0,-153000000,11486000000,11639000000,23751000000,-1636000000,22115000000,0,0
"2025-10-26","NVD.F","USD","0001045810","2025-11-19","2025-11-19 16:36:17","2026","Q3",31910000000,751000000,125000000,1654000000,2368000000,-5582000000,-4823000000,-223000000,12996000000,-13057000000,23751000000,-1636000000,-693000000,-9425000000,2730000000,0,-9024000000,0,0,0,-12456000000,-12456000000,0,-12456000000,0,-244000000,-244000000,0,-2180000000,-14880000000,0,-153000000,11486000000,11639000000,23751000000,-1636000000,22115000000,0,0
"2025-10-26","NVDA","USD","0001045810","2025-11-19","2025-11-19 16:36:17","2026","Q3",31910000000,751000000,125000000,1654000000,2368000000,-5582000000,-4823000000,-223000000,12996000000,-13057000000,23751000000,-1636000000,-693000000,-9425000000,2730000000,0,-9024000000,0,0,0,-12456000000,-12456000000,0,-12456000000,0,-244000000,-244000000,0,-2180000000,-14880000000,0,-153000000,11486000000,11639000000,23751000000,-1636000000,22115000000,0,0
"2025-10-26","NVDA.NE","USD","0001045810","2025-11-19","2025-11-19 16:36:17","2026","Q3",31910000000,751000000,125000000,1654000000,2368000000,-5582000000,-4823000000,-223000000,12996000000,-13057000000,23751000000,-1636000000,-693000000,-9425000000,2730000000,0,-9024000000,0,0,0,-12456000000,-12456000000,0,-12456000000,0,-244000000,-244000000,0,-2180000000,-14880000000,0,-153000000,11486000000,11639000000,23751000000,-1636000000,22115000000,0,0
"2025-10-31","NWC.TO","CAD","0000000000","2025-10-31","2025-10-31 00:00:00","2026","Q3",41073000,30172000,13078000,-1249000,-17478000,-422000,-6308000,-14919000,4171000,-17727000,47869000,-33326000,0,0,0,-2431000,-35757000,33207000,27980000,0,-5000000,-5000000,0,-5000000,0,-19598000,-19598000,0,-6656000,1953000,460000,14525000,83031000,68506000,47869000,-33326000,14543000,0,0
"2025-10-31","OKTA","USD","0001660134","2025-12-03","2025-12-02 18:08:06","2026","Q3",43000000,24000000,4000000,0,-31000000,-47000000,0,1000000,15000000,178000000,218000000,-7000000,-53000000,-336000000,501000000,0,105000000,-508000000,-508000000,0,1000000,1000000,1000000,0,0,0,0,0,-46000000,-555000000,-1000000,-233000000,645000000,878000000,218000000,-4000000,214000000,0,0
"2025-10-31","OOMA","USD","0001327688","2025-12-09","2025-12-09 17:20:19","2026","Q3",1393000,2428000,0,3762000,5096000,-212000,-612000,1119000,1757000,-5756000,6923000,-1476000,0,0,0,0,-1476000,0,0,0,0,7290000,732000,-2569000,0,0,0,0,-3285000,-3285000,0,2162000,21720000,19558000,6923000,-1476000,5447000,0,0
"2025-10-31","PATH","USD","0001734722","2025-12-08","2025-12-08 17:28:43","2026","Q3",198839000,4513000,-186950000,71475000,110007000,-75433000,0,-5695000,191135000,-169613000,28271000,-3164000,0,-207180000,327947000,-16839000,100764000,0,0,0,4239000,4239000,4239000,0,0,0,0,0,-15406000,-11167000,-2825000,115043000,744098000,629055000,28271000,-3164000,25107000,0,0
"2025-10-31","PBMLF","USD","0001319150","2025-10-31","2025-10-30 20:00:00","2026","Q3",-47686,7970,0,0,3883,-1085,0,0,4968,1306,-34527,-10840,0,0,0,0,-10840,0,0,0,0,0,0,0,0,0,0,0,-8314,-8314,-1826,-55508,101965,157473,-34527,0,-34528,0,0
"2025-10-31","PD","USD","0001568100","2025-11-26","2025-11-25 18:06:46","2026","Q3",159555000,2998000,-150079000,22575000,0,-8549000,0,-97000,0,-10246000,24803000,-743000,0,-45092000,50779000,-3131000,1813000,0,0,0,0,0,0,-36138000,0,0,0,0,-42346000,-42346000,-116000,-15846000,325339000,341185000,24803000,-743000,24060000,0,0
"2025-10-31","PESO.V","CAD","0000000000","2025-10-31","2025-10-30 20:00:00","2026","Q3",-2821492,840594,0,0,-842302,-38239,360945,-1490756,325748,1033590,-1789610,-694003,0,0,0,0,-694003,-12223,-12223,0,19346,19346,19346,0,0,0,0,0,-850498,-843375,-46097,-3373085,695614,4068699,-1789610,-693240,-2482850,0,0
"2025-10-31","PGPGF","USD","0000000000","2025-10-31","2025-10-30 20:00:00","2026","Q3",-30683,0,0,0,-6636,-59.2122,0,0,-6577,0,-37320,0,0,0,0,0,0,358.1268,358.1268,0,0,0,0,0,0,0,0,0,0,358.1268,-466,-37428,2847,40276,-37320,0,-37317,0,0
"2025-10-31","PHR","USD","0001412408","2025-11-12","2025-11-12 17:18:52","2026","Q3",4271000,7478000,57000,15959000,0,-11455000,0,1303000,0,-12298000,15467000,-3271000,0,0,0,-3395000,-6666000,0,0,0,0,0,0,0,0,0,0,0,-667000,-667000,-29000,8105000,106371000,98266000,15467000,-3271000,12196000,0,0
"2025-10-31","PL","USD","0001836833","2025-12-10","2025-12-10 16:30:58","2026","Q3",-59185000,9908000,0,13473000,19295000,4981000,0,-5978000,20292000,45102000,28593000,-26704000,0,-184777000,41711000,-1239000,-171009000,445830000,445830000,0,12233000,12233000,12233000,0,0,0,0,0,-59808000,398255000,853000,256692000,449622000,192930000,28593000,-27943000,650000,0,0
"2025-10-31","PL-WT","USD","0001836833","2025-12-10","2025-12-10 16:30:58","2026","Q3",-59185000,9908000,0,13473000,19295000,4981000,0,-5978000,20292000,45102000,28593000,-26704000,0,-184777000,41711000,-1239000,-171009000,445830000,445830000,0,12233000,12233000,12233000,0,0,0,0,0,-59808000,398255000,853000,256692000,449622000,192930000,28593000,-27943000,650000,0,0
"2025-11-02","PSTG","USD","0001474432","2025-12-10","2025-12-10 16:43:56","2026","Q3",54806000,37785000,0,106185000,-320661000,-240908000,-17689000,18349000,-80413000,-256135000,-378020000,70954000,-4263000,186461000,-314895000,0,-61743000,98808000,98808000,0,101756000,101756000,-7153000,108909000,0,0,0,0,31682000,232246000,170506000,-37011000,852838000,889849000,-378020000,70954000,-307066000,0,0
"2025-10-31","RBRK","USD","0001943896","2025-12-08","2025-12-08 16:06:05","2026","Q3",-63829000,0,1866000,0,26841000,-2639000,0,-1484000,30964000,121787000,86665000,-4739000,-10750000,-291410000,200995000,-3856000,-109760000,-1903000,-1903000,0,15975000,15975000,15975000,0,0,0,0,0,-6339000,7733000,-240000,-15602000,307100000,322702000,86665000,2409000,89074000,0,0
"2025-10-31","RET-A.V","CAD","0000000000","2025-10-31","2025-10-31 00:00:00","2026","Q3",864000,14495000,375000,103000,-5850000,-327000,-3336000,-6902000,4715000,34000,10021000,-10683000,0,0,0,0,-10683000,-7301000,-7301000,0,-171000,-171000,0,-171000,0,0,0,0,0,-7472000,2241000,-5893000,119397000,125290000,10021000,-10683000,-662000,0,0
"2025-10-31","RET.V","CAD","0000000000","2025-10-31","2025-10-31 00:00:00","2026","Q3",864000,14495000,375000,103000,-5850000,-327000,-3336000,-6902000,4715000,34000,10021000,-10683000,0,0,0,0,-10683000,-7301000,-7301000,0,-171000,-171000,0,-171000,0,0,0,0,0,-7472000,2241000,-5893000,119397000,125290000,10021000,-10683000,-662000,0,0
"2025-10-31","ROOT.TO","CAD","0000000000","2025-10-31","2025-10-31 00:00:00","2026","Q3",2282000,7024000,909000,195000,-11190000,-700000,-16681000,6331000,-139999,-2000,-782000,-1048000,0,0,0,-2000,-1050000,14616000,14616000,0,-1328000,-1328000,0,-1328000,0,0,0,0,-2749000,10539000,-3107000,5600000,7528000,-1179000,-782000,-1050000,-1832000,0,0
"2025-10-31","RROTF","CAD","0000000000","2025-10-31","2025-10-31 00:00:00","2026","Q3",2282000,7024000,909000,195000,-11190000,-700000,-16681000,0,6191000,222122,-557878,-749070,0,0,0,0,-749070,10427054,10427054,0,-947395,-947395,0,-947395,0,0,0,0,-1961137,7518522,-2232671,3978903,5370475,1391572,-782000,-1050000,-1832000,0,0
"2025-10-31","RTMAF","CAD","0000000000","2025-10-31","2025-10-31 00:00:00","2026","Q3",864000,14495000,375000,103000,-5850000,-327000,-3336000,0,-2187000,-2838019,7148981,-7621252,0,0,0,0,-7621252,-7301000,-7301000,0,-121991,-121991,0,-121991,0,0,0,0,2092467,-5330524,550051,-5252744,85177819,90430563,10021000,-10683000,-662000,0,0
"2025-10-31","RTMNF","CAD","0000000000","2025-10-31","2025-10-31 00:00:00","2026","Q3",864000,14495000,375000,103000,-5850000,-327000,-3336000,0,-2187000,-2838019,7148981,-7621252,0,0,0,0,-7621252,-7301000,-7301000,0,-121991,-121991,0,-121991,0,0,0,0,2092467,-5330524,550051,-5252744,85177819,90430563,10021000,-10683000,-662000,0,0
"2025-10-31","S","USD","0001583708","2025-12-04","2025-12-04 16:15:31","2026","Q3",-60291000,14933000,0,75341000,-27382000,-18092000,0,-235000,-9055000,18413000,21014000,-109000,-244720000,-25457000,184897000,-5037000,-90426000,0,0,0,-49249000,-49249000,0,-49249000,0,0,0,0,1381000,-47868000,0,-117280000,164496000,281776000,21014000,-5146000,15868000,1904000,0
"2025-10-31","SAIC","USD","0001571123","2025-12-04","2025-12-04 12:25:08","2026","Q3",78000000,38000000,-8000000,26000000,-1000000,-80000000,0,62000000,17000000,-4000000,129000000,0,-203000000,-4000000,1000000,-9000000,-215000000,191000000,191000000,0,-91000000,-91000000,4000000,-95000000,0,-17000000,-17000000,0,0,83000000,0,-3000000,53000000,56000000,129000000,15000000,144000000,0,0
"2025-10-31","SAIL","USD","0001627857","2025-10-31","2025-10-31 00:00:00","2026","Q3",-35975000,52792000,-8674000,48948000,-14460000,-32043000,0,712000,16871000,10947000,53578000,-1033000,0,0,0,-19745000,-20778000,0,0,0,0,0,0,0,0,0,0,0,-5700000,-5700000,0,27100000,304416000,277316000,53578000,-4532000,49046000,0,0
"2025-11-30","SHAOF","USD","0000000000","2025-11-30","2025-11-29 19:00:00","2026","Q3",78411138,11448564,0,0,-14803736,-73314350,-146276535,175365364,29421785,-24523490,50532476,-56423236,0,-928428597,833670600,1107719,-150073514,0,0,0,-25612,-25612,0,-25612,0,-46940393,-46940393,0,-6403,-46972408,-64000119,-210513565,889965776,1100479341,50532476,-54156574,-3624098,0,0
"2025-10-03","SHIM","USD","0001887944","2025-11-13","2025-11-13 16:09:46","2026","Q3",-4396000,3131000,0,0,-25461000,-26314000,0,15263000,-14410000,2981000,-23745000,-4970000,4750000,0,110000,0,-110000,20273000,20273000,0,0,0,0,0,0,0,0,0,-160000,20113000,0,-3742000,18925000,22667000,-23745000,-4970000,-28715000,0,0
"2025-11-01","SIG","USD","0000832988","2025-12-05","2025-12-05 16:06:18","2026","Q3",20000000,36900000,-3700000,0,-29400000,0,-119100000,143200000,-53500000,7200000,31000000,-32500000,0,0,0,-1900000,-34400000,0,0,0,-28500000,-28500000,0,-28500000,0,-13100000,-13100000,0,100000,-41500000,-1800000,-46700000,234700000,281400000,31000000,-32500000,-1500000,0,0
"2025-10-31","SKIL","USD","0001774675","2025-12-10","2025-12-10 16:08:50","2026","Q3",-34337000,33002000,-2667000,8721000,-23193000,-173380000,0,-20342000,156696000,-13932000,-32406000,-735000,0,0,0,-3386000,-4121000,0,0,0,0,352000,0,492000,0,0,0,0,-10193000,-10193000,-5224000,-25884000,77536000,103420000,-32406000,137000,-32269000,0,0
"2025-10-31","SKIL-WT","USD","0001774675","2025-12-10","2025-12-10 16:08:50","2026","Q3",-34337000,33002000,-2667000,8721000,-23193000,-173380000,0,-20342000,156696000,-13932000,-32406000,-735000,0,0,0,-3386000,-4121000,0,0,0,0,352000,0,492000,0,0,0,0,-10193000,-10193000,-5224000,-25884000,77536000,103420000,-32406000,137000,-32269000,0,0
"2025-10-31","SLMXF","USD","0000000000","2025-10-31","2025-10-30 20:00:00","2026","Q3",-30751,1919,0,0,140468,-16786,0,0,157254,-33536,78100,-259565,0,0,0,0,-259565,0,0,0,631763,631763,631763,0,0,0,0,0,-11753,620010,-2378,436167,641265,205098,78100,0,78103,0,0
"2025-10-26","SMTC","USD","0000088941","2025-11-25","2025-11-25 16:05:32","2026","Q3",-2862000,11521000,2935000,17138000,16998000,-11317000,-2449000,4416000,17813000,1732000,47462000,-2819000,0,0,1400000,-2635000,-4054000,0,0,0,0,-468000,-468000,0,0,0,0,0,-47086000,-47086000,-212000,-3890000,164670000,168560000,47462000,-2819000,44643000,0,0
"2025-10-31","SNOW","USD","0001640147","2025-12-05","2025-12-05 16:12:07","2026","Q3",-291603000,57878000,0,412278000,-80639000,-288676000,0,28948000,179089000,39605000,137519000,-23905000,0,-340917000,613316000,-255000,248239000,0,0,0,-232896000,-232896000,0,-232896000,0,0,0,0,-129090000,-361986000,21000,23793000,1984631000,1960838000,137519000,-23905000,113614000,0,0
"2025-10-31","STRG","USD","0001803096","2025-12-11","2025-12-11 13:25:33","2026","Q3",-18812,158,0,0,10823,0,0,2299,8524,-6,-7837,0,0,0,0,0,0,6450,0,6450,0,0,0,0,0,0,0,0,0,6450,505,-875,9,884,-7837,-4,-7837,0,0
"2025-09-30","SYDRF","CAD","0000000000","2025-09-30","2025-09-30 00:00:00","2026","Q3",-432324,383864,-15944,0,285127,120646,215580,-38527,-12572,114399,335122,-682.1,0,0,0,0,-682.1,-5385,-5385,0,0,0,0,0,0,0,0,0,-328644,-334029,-34386,-33976,1496733,1530709,466744,-950,465794,0,29599
"2025-10-31","TITN","USD","0001409171","2025-12-04","2025-12-04 16:16:33","2026","Q3",1198000,9846000,0,0,98900000,-14845000,122949000,-8406000,0,-75954000,33990000,-2734000,0,0,0,10560000,7826000,-112600000,-201000,-112399000,0,0,0,0,0,0,0,0,86831000,-25769000,68000,16115000,48790000,32675000,33990000,-2734000,31256000,0,0
"2025-11-01","TJX","USD","0000109198","2025-12-02","2025-12-02 11:19:44","2026","Q3",1442000000,0,20000000,0,-299000000,-2000000,-2006000000,1254000000,455000000,369000000,1532000000,-531000000,0,-17000000,7000000,0,-541000000,0,0,0,-502000000,-502000000,92000000,-594000000,0,-473000000,-473000000,0,0,-975000000,-15000000,1000000,4640000000,4639000000,1532000000,-531000000,1001000000,0,0
"2025-11-30","TKSHF","USD","0000000000","2025-11-30","2025-11-29 19:00:00","2026","Q3",54451112,54777665,0,0,72328288,-123219332,-33263585,159927731,68883474,5224848,186781913,-58894794,-5045564,-160075,1927303,-9937456,-72110586,3502441,3502441,0,-32027806,-32027806,0,-32027806,0,-32584867,-32584867,0,-35050022,-96160254,-92643,18418430,522958622,504540192,186781913,-58894794,127887119,0,0
"2025-10-31","TTAN","USD","0001638826","2025-12-09","2025-12-09 16:36:54","2026","Q3",-39527000,20487000,-398000,49660000,9421000,2768000,0,3951000,2702000,4137000,43780000,-5708000,-19781000,0,0,-371000,-25860000,-268000,-268000,0,4101000,4101000,4101000,0,0,0,0,0,0,3833000,0,21753000,493448000,471695000,43780000,-1602000,42178000,0,0
"2025-10-31","URBN","USD","0000912615","2025-12-10","2025-12-10 16:34:18","2026","Q3",116440000,32959000,-6283000,7718000,-150215000,-8360000,-144178000,68557000,-66234000,60520000,61139000,-83898000,0,0,0,2158000,-81740000,0,0,0,-594000,-594000,0,-594000,0,0,0,0,-4359000,-4953000,-17000,-25571000,306600000,332171000,61139000,-83898000,-22759000,0,0
"2025-10-31","VEE.DE","USD","0001393052","2025-11-21","2025-11-21 16:07:12","2026","Q3",236203000,0,18486000,0,-197707000,100783000,0,-171000,-298319000,135805000,192787000,-9889000,0,-933336000,447992000,0,-495233000,0,0,0,57699000,57699000,57699000,0,0,0,0,0,-25053000,32646000,-494000,-270294000,1660137000,1930431000,192787000,-6303000,186484000,0,0
"2025-10-31","VEEV","USD","0001393052","2025-11-21","2025-11-21 16:07:12","2026","Q3",236203000,0,18486000,0,-197707000,100783000,0,-171000,-298319000,135805000,192787000,-9889000,0,-933336000,447992000,0,-495233000,0,0,0,57699000,57699000,57699000,0,0,0,0,0,-25053000,32646000,-494000,-270294000,1660137000,1930431000,192787000,-6303000,186484000,0,0
"2025-10-31","VPRIF","USD","0000000000","2025-10-31","2025-10-30 20:00:00","2026","Q3",-4806,322.45680000000004,0,0,26517,-8389,33305,2159,-557,3173,25207,0,0,0,0,0,0,0,0,0,0,0,0,0,0,0,0,0,0,0,-910,24297,102854,78557,25207,3.566999999999098,25211,0,0
"2025-10-31","VVC.V","CAD","0000000000","2025-10-31","2025-10-30 20:00:00","2026","Q3",-526784,23628,0,0,30310,11726,0,18584,0,63927,-408919,0,0,0,0,0,0,334394,0,334394,0,0,0,0,0,0,0,0,0,334394,144683,70158,80207,10049,-408919,0,-408920,0,0
"2025-10-31","VVCVF","USD","0000000000","2025-10-31","2025-10-30 20:00:00","2026","Q3",-375807,16856,0,0,30310,0,0,0,30310,36919,-291722,0,0,0,0,0,0,238556,0,238556,0,0,0,0,0,0,0,0,0,238556,103131,49965,57219,7253,-291722,0,-291723,0,0
"2025-10-31","WDAY","USD","0001327811","2025-11-26","2025-11-26 16:03:42","2026","Q3",252000000,85000000,61000000,376000000,-256000000,-126000000,0,-7000000,-123000000,70000000,588000000,-38000000,-974000000,-241000000,2940000000,0,1687000000,0,0,0,-802000000,-802000000,0,-803000000,0,0,0,0,-124000000,-926000000,0,1349000000,2618000000,1269000000,588000000,-38000000,550000000,14000000,55000000
"2025-10-31","WFC.TO","CAD","0000000000","2025-10-31","2025-10-31 00:00:00","2026","Q3",11591993,2847841,4446373,0,2334327,973985,793,-1161824,2521373,-7211859,14008675,-1006153,0,0,0,-21146867,-22153020,8248737,102905066,-94656329,-615090,-615090,0,-615090,0,0,0,0,0,7633648,0,-510697,13057716,13568413,14008675,-1006153,13814395,0,0
"2025-10-31","WFICF","CAD","0000000000","2025-10-31","2025-10-31 00:00:00","2026","Q3",11591993,2847841,4446373,0,2334327,973985,793,0,1359549,-11226746,9993788,-1006153,0,0,0,-14797811,-15803964,8248737,102905066,-94656329,-438805,-438805,0,-438805,0,0,0,0,-2364088,5445844,-113567,-477899,9315374,9793273,9993788,-1006153,13814395,0,0
"2025-10-31","WMT","USD","0000104169","2025-12-03","2025-12-03 16:45:34","2026","Q3",6088000000,3606000000,759000000,0,205000000,405000000,-7562000000,5975000000,1387000000,-1558000000,9100000000,11409000000,-775000000,0,799000000,-19264000000,-7831000000,2804000000,-1750000000,4554000000,6200000000,6200000000,0,6200000000,0,-1875000000,-1875000000,0,-7148000000,-19000000,-30000000,1220000000,11097000000,9877000000,9100000000,9972000000,19072000000,0,0
"2025-10-31","WMT.DE","USD","0000104169","2025-11-20","2025-11-20 06:58:46","2026","Q3",6088000000,3606000000,759000000,0,205000000,405000000,-7562000000,5975000000,1387000000,-1558000000,9100000000,11409000000,-775000000,0,799000000,-19264000000,-7831000000,2804000000,-1750000000,4554000000,6200000000,6200000000,0,6200000000,0,-1875000000,-1875000000,0,-7148000000,-19000000,-30000000,1220000000,11097000000,9877000000,9100000000,9972000000,19072000000,0,0
"2025-10-31","WMT.NE","USD","0000104169","2025-11-20","2025-11-20 06:58:46","2026","Q3",6088000000,3606000000,759000000,0,205000000,405000000,-7562000000,5975000000,1387000000,-1558000000,9100000000,11409000000,-775000000,0,799000000,-19264000000,-7831000000,2804000000,-1750000000,4554000000,6200000000,6200000000,0,6200000000,0,-1875000000,-1875000000,0,-7148000000,-19000000,-30000000,1220000000,11097000000,9877000000,9100000000,9972000000,19072000000,0,0
"2025-12-31","WRIT","USD","0001413547","2025-12-31","2025-12-30 19:00:00","2026","Q3",-76419,97,0,0,-247255,0,0,-184694,-62561,0,-323577,0,0,0,0,0,0,250000,0,250000,81844,81844,81844,0,0,0,0,0,-10487,321357,0,-2220,0,2220,-323577,-3,-323580,0,0
"2025-10-31","YEXT","USD","0001614178","2025-12-08","2025-12-08 16:11:40","2026","Q3",6136000,9041000,0,12338000,5353000,2535000,0,-17545000,0,-52688000,-19820000,-515000,0,0,0,0,-515000,0,0,0,0,45059000,-321000,-14396000,0,0,0,0,-30679000,-30679000,407000,-50607000,158931000,209538000,-19820000,-515000,-20335000,0,0
"2025-10-31","YORKF","CAD","0000000000","2025-10-31","2025-10-31 00:00:00","2026","Q3",2674807,0,0,0,-25466,2611,0,0,-28077,-2790477,-141136,-91117,0,-535119,1711968,-311171,774561,0,0,0,0,0,0,0,0,0,0,0,0,0,-759,632666,698161,65495,-197836,-91117,-288953,0,0
"2025-10-31","ZM","USD","0001585521","2025-11-25","2025-11-25 16:02:47","2026","Q3",612873000,66511000,53404000,185282000,27022000,3546000,0,1579000,21897000,-315766000,629326000,-15009000,0,-1125917000,995195000,1363000,-144368000,0,0,0,-413706000,-413706000,479000,-413706000,0,0,0,0,-52349000,-466055000,-14000,18889000,1227588000,1208699000,629326000,-15009000,614317000,0,0
"2025-09-30","ZOM","USD","0001684144","2025-11-04","2025-11-04 16:06:55","2026","Q3",-6121000,1900000,-47000,867000,0,-847000,121000,-420000,0,-1259000,-4660000,0,0,0,0,4041000,4041000,0,0,0,0,0,0,0,0,0,0,0,0,0,-14000,-633000,7496000,8129000,-4660000,0,-4660000,0,0